Year,region_emmigr,region_immigr,N
2025,Almaty,Almaty_city,36729
2025,Turkestan,Shymkent_city,35436
2025,Almaty_city,Almaty,34136
2025,Shymkent_city,Turkestan,21040
2025,Akmola,Astana_city,17326
2025,Astana_city,Akmola,13537
2025,Turkestan,Astana_city,9820
2025,Zhambyl,Almaty_city,8947
2025,Almaty_city,Astana_city,8747
2025,Zhetysu,Almaty_city,7286
2025,Turkestan,Almaty_city,6900
2025,Karaganda,Astana_city,6739
2025,Astana_city,Almaty_city,6666
2025,Zhambyl,Astana_city,6646
2025,Zhetysu,Almaty,6089
2025,Shymkent_city,Astana_city,5825
2025,Pavlodar,Astana_city,5411
2025,Kyzylorda,Astana_city,4764
2025,Kostanay,Astana_city,4720
2025,Astana_city,Turkestan,4612
2025,Abay,Astana_city,4514
2025,Zhambyl,Almaty,4080
2025,Astana_city,Shymkent_city,4050
2025,Almaty_city,Zhambyl,4018
2025,Turkestan,Almaty,3974
2025,Aktobe,Astana_city,3929
2025,Shymkent_city,Almaty_city,3771
2025,Almaty_city,Zhetysu,3625
2025,Almaty_city,Turkestan,3420
2025,North_Kaz,Astana_city,3234
2025,West_Kaz,Astana_city,3185
2025,Almaty,Zhetysu,3136
2025,Almaty_city,Shymkent_city,2944
2025,East_Kaz,Astana_city,2929
2025,Atyrau,Astana_city,2908
2025,Astana_city,Zhambyl,2862
2025,Almaty,Astana_city,2852
2025,North_Kaz,Akmola,2823
2025,Kyzylorda,Almaty_city,2811
2025,Astana_city,Karaganda,2720
2025,Mangystau,Astana_city,2379
2025,Ulytau,Karaganda,2268
2025,Abay,Almaty_city,2178
2025,Abay,East_Kaz,2158
2025,East_Kaz,Abay,1976
2025,Almaty,Zhambyl,1962
2025,Astana_city,Pavlodar,1913
2025,Almaty,Turkestan,1821
2025,Astana_city,Almaty,1806
2025,Astana_city,Kyzylorda,1800
2025,Astana_city,Kostanay,1773
2025,Astana_city,Abay,1709
2025,Ulytau,Astana_city,1691
2025,Atyrau,Aktobe,1674
2025,Abay,Almaty,1565
2025,Turkestan,Zhambyl,1519
2025,Karaganda,Almaty_city,1497
2025,Astana_city,Aktobe,1466
2025,Zhetysu,Astana_city,1452
2025,Mangystau,Almaty_city,1451
2025,Shymkent_city,Almaty,1378
2025,Aktobe,Almaty_city,1347
2025,Kyzylorda,Turkestan,1327
2025,Almaty_city,Kyzylorda,1306
2025,Akmola,North_Kaz,1282
2025,Zhambyl,Shymkent_city,1262
2025,Kyzylorda,Almaty,1215
2025,East_Kaz,Almaty_city,1210
2025,Turkestan,West_Kaz,1207
2025,Astana_city,Mangystau,1190
2025,Karaganda,Ulytau,1181
2025,Atyrau,Almaty_city,1170
2025,Atyrau,Mangystau,1165
2025,Zhambyl,Turkestan,1164
2025,Astana_city,East_Kaz,1160
2025,West_Kaz,Almaty_city,1148
2025,Astana_city,North_Kaz,1140
2025,West_Kaz,Turkestan,1125
2025,Almaty_city,Abay,1121
2025,Astana_city,Atyrau,1100
2025,Aktobe,Atyrau,1095
2025,Almaty,Shymkent_city,1077
2025,Turkestan,Kyzylorda,1040
2025,Astana_city,West_Kaz,1017
2025,Kyzylorda,Aktobe,986
2025,Almaty_city,Mangystau,983
2025,Shymkent_city,West_Kaz,960
2025,Pavlodar,Almaty_city,952
2025,West_Kaz,Shymkent_city,943
2025,Mangystau,Atyrau,930
2025,Shymkent_city,Zhambyl,902
2025,Karaganda,Akmola,895
2025,Turkestan,Mangystau,869
2025,Turkestan,Karaganda,860
2025,Akmola,Kostanay,826
2025,Almaty_city,Atyrau,795
2025,Almaty_city,West_Kaz,791
2025,Turkestan,Akmola,776
2025,Aktobe,Mangystau,771
2025,Almaty_city,Karaganda,769
2025,Mangystau,Aktobe,749
2025,West_Kaz,Atyrau,748
2025,Atyrau,West_Kaz,747
2025,Kostanay,Akmola,744
2025,Kyzylorda,Shymkent_city,741
2025,West_Kaz,Aktobe,736
2025,Almaty_city,East_Kaz,728
2025,East_Kaz,Almaty,720
2025,Astana_city,Zhetysu,711
2025,Almaty_city,Aktobe,703
2025,Zhambyl,Karaganda,684
2025,Almaty,Abay,676
2025,Mangystau,Almaty,675
2025,Akmola,Karaganda,662
2025,Akmola,Almaty_city,658
2025,Kostanay,Almaty_city,657
2025,Mangystau,Turkestan,647
2025,Astana_city,Ulytau,635
2025,Almaty,Kyzylorda,632
2025,Almaty,Mangystau,631
2025,Shymkent_city,Kyzylorda,606
2025,Aktobe,West_Kaz,570
2025,Karaganda,Almaty,546
2025,Aktobe,Kyzylorda,540
2025,Turkestan,Kostanay,526
2025,Kostanay,Shymkent_city,511
2025,Almaty,East_Kaz,508
2025,Almaty_city,Pavlodar,505
2025,Mangystau,Shymkent_city,504
2025,Almaty_city,Akmola,504
2025,Karaganda,Turkestan,503
2025,Zhambyl,Mangystau,481
2025,Shymkent_city,Kostanay,480
2025,Pavlodar,Akmola,473
2025,Abay,Pavlodar,469
2025,Aktobe,Almaty,455
2025,Almaty_city,Kostanay,452
2025,Almaty,Karaganda,448
2025,Pavlodar,Turkestan,447
2025,Zhambyl,Akmola,442
2025,Shymkent_city,Karaganda,441
2025,Shymkent_city,Ulytau,441
2025,Turkestan,Ulytau,436
2025,Pavlodar,Karaganda,435
2025,West_Kaz,Mangystau,430
2025,Pavlodar,Almaty,426
2025,Karaganda,Zhambyl,423
2025,Kyzylorda,Akmola,423
2025,Ulytau,Shymkent_city,417
2025,Mangystau,West_Kaz,414
2025,Atyrau,Almaty,412
2025,Mangystau,Zhambyl,406
2025,Ulytau,Almaty_city,405
2025,Ulytau,Turkestan,400
2025,Abay,Zhetysu,396
2025,Pavlodar,Abay,387
2025,North_Kaz,Almaty_city,382
2025,Karaganda,Pavlodar,380
2025,Karaganda,Shymkent_city,380
2025,Kostanay,Turkestan,377
2025,Zhetysu,Abay,374
2025,Turkestan,Aktobe,373
2025,Turkestan,North_Kaz,369
2025,Almaty,Akmola,366
2025,Shymkent_city,Akmola,366
2025,Shymkent_city,Mangystau,349
2025,Akmola,Pavlodar,344
2025,Turkestan,Pavlodar,332
2025,Almaty,Aktobe,330
2025,West_Kaz,Almaty,328
2025,Turkestan,Atyrau,326
2025,Almaty,West_Kaz,325
2025,Almaty,Atyrau,322
2025,Kostanay,Karaganda,314
2025,Atyrau,Turkestan,307
2025,Akmola,Almaty,306
2025,North_Kaz,Kostanay,305
2025,Kyzylorda,Zhambyl,303
2025,North_Kaz,Turkestan,295
2025,Abay,Akmola,293
2025,Akmola,Turkestan,288
2025,Abay,Shymkent_city,285
2025,Abay,Mangystau,273
2025,Atyrau,Shymkent_city,270
2025,Aktobe,Turkestan,268
2025,Akmola,Shymkent_city,262
2025,Zhambyl,Zhetysu,259
2025,Karaganda,Kostanay,249
2025,Zhetysu,East_Kaz,247
2025,Zhetysu,Shymkent_city,246
2025,Akmola,Zhambyl,243
2025,Turkestan,Zhetysu,243
2025,Almaty_city,Ulytau,240
2025,Abay,Karaganda,235
2025,East_Kaz,Akmola,230
2025,Almaty,Kostanay,226
2025,Zhambyl,Kyzylorda,223
2025,Shymkent_city,Pavlodar,219
2025,Almaty,Pavlodar,218
2025,Pavlodar,Shymkent_city,218
2025,Mangystau,Kyzylorda,217
2025,Zhetysu,Turkestan,215
2025,East_Kaz,Zhetysu,211
2025,Kostanay,Almaty,210
2025,Shymkent_city,Zhetysu,209
2025,Zhambyl,Kostanay,207
2025,North_Kaz,Karaganda,206
2025,Kyzylorda,Mangystau,204
2025,North_Kaz,Almaty,201
2025,Shymkent_city,Aktobe,192
2025,Zhetysu,Zhambyl,189
2025,Karaganda,Mangystau,188
2025,Zhambyl,Pavlodar,187
2025,Shymkent_city,Abay,187
2025,Mangystau,Zhetysu,185
2025,Akmola,Kyzylorda,184
2025,North_Kaz,Shymkent_city,181
2025,Karaganda,Abay,179
2025,Zhambyl,Atyrau,178
2025,Zhetysu,Akmola,178
2025,Almaty_city,North_Kaz,178
2025,Aktobe,Kostanay,175
2025,Kyzylorda,Karaganda,175
2025,Mangystau,Abay,172
2025,Kostanay,North_Kaz,171
2025,Turkestan,East_Kaz,171
2025,Kyzylorda,Atyrau,169
2025,Zhambyl,West_Kaz,168
2025,Shymkent_city,North_Kaz,168
2025,West_Kaz,Zhambyl,167
2025,Aktobe,Shymkent_city,166
2025,Abay,Turkestan,165
2025,Zhetysu,Karaganda,161
2025,Atyrau,Zhambyl,160
2025,Almaty,North_Kaz,159
2025,Pavlodar,Zhetysu,158
2025,East_Kaz,Pavlodar,158
2025,Kostanay,Mangystau,157
2025,East_Kaz,Shymkent_city,155
2025,Shymkent_city,Atyrau,153
2025,Turkestan,Abay,149
2025,Aktobe,Akmola,145
2025,Akmola,Zhetysu,144
2025,Pavlodar,Zhambyl,143
2025,Karaganda,East_Kaz,142
2025,Kostanay,Zhambyl,141
2025,Mangystau,Karaganda,141
2025,Atyrau,Kyzylorda,140
2025,East_Kaz,Karaganda,140
2025,Zhambyl,Abay,136
2025,Akmola,Abay,135
2025,Pavlodar,East_Kaz,135
2025,Zhetysu,Mangystau,134
2025,Karaganda,North_Kaz,134
2025,Mangystau,East_Kaz,134
2025,Akmola,Mangystau,133
2025,West_Kaz,Akmola,131
2025,Pavlodar,Mangystau,130
2025,Aktobe,Zhambyl,129
2025,Karaganda,Zhetysu,126
2025,Karaganda,Kyzylorda,126
2025,East_Kaz,Turkestan,126
2025,Zhetysu,Pavlodar,124
2025,Kostanay,Pavlodar,123
2025,Kyzylorda,Ulytau,122
2025,East_Kaz,Mangystau,121
2025,Zhambyl,North_Kaz,120
2025,Abay,Zhambyl,119
2025,Akmola,East_Kaz,118
2025,Pavlodar,Kostanay,116
2025,Kostanay,Aktobe,115
2025,Kyzylorda,Kostanay,115
2025,Almaty,Ulytau,112
2025,Atyrau,Akmola,112
2025,Zhambyl,Aktobe,111
2025,Kyzylorda,West_Kaz,111
2025,North_Kaz,Pavlodar,111
2025,Kostanay,Kyzylorda,110
2025,Kyzylorda,North_Kaz,109
2025,North_Kaz,Zhambyl,108
2025,Ulytau,Almaty,108
2025,West_Kaz,Karaganda,106
2025,Mangystau,North_Kaz,104
2025,Ulytau,Akmola,104
2025,West_Kaz,Kyzylorda,102
2025,Karaganda,Aktobe,101
2025,Kyzylorda,Zhetysu,101
2025,Pavlodar,North_Kaz,101
2025,Mangystau,Kostanay,100
2025,Mangystau,Akmola,99
2025,Ulytau,Kyzylorda,94
2025,Aktobe,Karaganda,93
2025,Shymkent_city,East_Kaz,92
2025,Zhetysu,Kostanay,89
2025,Kyzylorda,Pavlodar,89
2025,Akmola,Aktobe,87
2025,Zhetysu,West_Kaz,86
2025,North_Kaz,Mangystau,86
2025,Pavlodar,Kyzylorda,85
2025,Zhambyl,East_Kaz,82
2025,Zhetysu,Aktobe,81
2025,Kyzylorda,East_Kaz,81
2025,East_Kaz,Zhambyl,81
2025,West_Kaz,East_Kaz,80
2025,Abay,Kostanay,79
2025,Karaganda,Atyrau,78
2025,Zhetysu,Atyrau,77
2025,Zhetysu,Kyzylorda,75
2025,Akmola,West_Kaz,73
2025,Abay,Aktobe,72
2025,East_Kaz,West_Kaz,70
2025,Karaganda,West_Kaz,68
2025,Abay,West_Kaz,66
2025,Zhambyl,Ulytau,65
2025,Akmola,Atyrau,62
2025,Aktobe,Abay,61
2025,Kostanay,Atyrau,61
2025,North_Kaz,West_Kaz,61
2025,Akmola,Ulytau,60
2025,Ulytau,Zhambyl,60
2025,Pavlodar,Aktobe,58
2025,Atyrau,Abay,57
2025,Atyrau,Karaganda,57
2025,West_Kaz,Zhetysu,57
2025,Kostanay,West_Kaz,57
2025,North_Kaz,Kyzylorda,56
2025,Aktobe,Zhetysu,52
2025,Aktobe,East_Kaz,52
2025,Mangystau,Pavlodar,51
2025,East_Kaz,Kyzylorda,50
2025,Pavlodar,West_Kaz,49
2025,East_Kaz,Aktobe,49
2025,Kostanay,Abay,48
2025,Kostanay,Zhetysu,48
2025,East_Kaz,Kostanay,48
2025,Aktobe,Pavlodar,45
2025,Kyzylorda,Abay,45
2025,Atyrau,Kostanay,44
2025,West_Kaz,Abay,42
2025,West_Kaz,North_Kaz,42
2025,Atyrau,Zhetysu,41
2025,West_Kaz,Kostanay,41
2025,Zhetysu,North_Kaz,41
2025,Pavlodar,Atyrau,40
2025,Kostanay,East_Kaz,39
2025,Abay,Kyzylorda,38
2025,Abay,Ulytau,38
2025,West_Kaz,Pavlodar,37
2025,Abay,Atyrau,36
2025,Ulytau,Kostanay,36
2025,East_Kaz,Atyrau,36
2025,North_Kaz,Zhetysu,35
2025,Atyrau,East_Kaz,34
2025,Ulytau,Pavlodar,34
2025,Ulytau,Abay,29
2025,Aktobe,North_Kaz,28
2025,North_Kaz,Abay,28
2025,Ulytau,Zhetysu,28
2025,Abay,North_Kaz,27
2025,Kostanay,Ulytau,27
2025,North_Kaz,Aktobe,27
2025,North_Kaz,East_Kaz,26
2025,Aktobe,Ulytau,25
2025,Ulytau,Atyrau,25
2025,Ulytau,East_Kaz,24
2025,Atyrau,Pavlodar,22
2025,East_Kaz,North_Kaz,22
2025,Zhetysu,Ulytau,21
2025,Pavlodar,Ulytau,20
2025,West_Kaz,Ulytau,18
2025,Ulytau,Mangystau,17
2025,Ulytau,North_Kaz,16
2025,East_Kaz,Ulytau,14
2025,Atyrau,North_Kaz,13
2025,North_Kaz,Ulytau,13
2025,North_Kaz,Atyrau,12
2025,Ulytau,Aktobe,12
2025,Atyrau,Ulytau,10
2025,Mangystau,Ulytau,9
2025,Ulytau,West_Kaz,9
2024,Almaty,Almaty_city,53743
2024,Turkestan,Shymkent_city,47266
2024,Almaty_city,Almaty,44477
2024,Shymkent_city,Turkestan,33187
2024,Akmola,Astana_city,27045
2024,Astana_city,Akmola,18930
2024,Turkestan,Astana_city,14971
2024,Almaty_city,Astana_city,13516
2024,Zhambyl,Almaty_city,13048
2024,Zhetysu,Almaty_city,11339
2024,Karaganda,Astana_city,10896
2024,Turkestan,Almaty_city,10218
2024,Astana_city,Almaty_city,10132
2024,Zhambyl,Astana_city,10007
2024,Shymkent_city,Astana_city,8905
2024,Zhetysu,Almaty,8344
2024,Pavlodar,Astana_city,8205
2024,Kostanay,Astana_city,7995
2024,Astana_city,Turkestan,7533
2024,Abay,Astana_city,7263
2024,Kyzylorda,Astana_city,7214
2024,Almaty_city,Zhambyl,6292
2024,Shymkent_city,Almaty_city,5880
2024,Zhambyl,Almaty,5859
2024,Astana_city,Shymkent_city,5699
2024,Turkestan,Almaty,5544
2024,Almaty_city,Zhetysu,5431
2024,Aktobe,Astana_city,5418
2024,Almaty_city,Turkestan,5145
2024,North_Kaz,Astana_city,5053
2024,East_Kaz,Astana_city,4787
2024,Almaty,Zhetysu,4625
2024,Astana_city,Zhambyl,4468
2024,Astana_city,Karaganda,4303
2024,North_Kaz,Akmola,4288
2024,Almaty,Astana_city,4166
2024,Kyzylorda,Almaty_city,4074
2024,West_Kaz,Astana_city,4023
2024,Almaty_city,Shymkent_city,3945
2024,Abay,East_Kaz,3853
2024,Atyrau,Astana_city,3783
2024,Ulytau,Karaganda,3600
2024,Abay,Almaty_city,3523
2024,Atyrau,Aktobe,3209
2024,Astana_city,Pavlodar,3160
2024,Mangystau,Astana_city,3140
2024,Almaty,Zhambyl,3139
2024,East_Kaz,Abay,3131
2024,Astana_city,Kyzylorda,2948
2024,Astana_city,Kostanay,2835
2024,Astana_city,Abay,2724
2024,Almaty,Turkestan,2686
2024,Astana_city,Almaty,2611
2024,Karaganda,Ulytau,2355
2024,Ulytau,Astana_city,2330
2024,Abay,Almaty,2275
2024,Mangystau,Almaty_city,2267
2024,Zhetysu,Astana_city,2257
2024,Turkestan,Zhambyl,2224
2024,Zhambyl,Turkestan,2191
2024,Shymkent_city,Almaty,2183
2024,Karaganda,Almaty_city,2181
2024,Atyrau,Mangystau,2178
2024,Almaty_city,Kyzylorda,2067
2024,Astana_city,North_Kaz,2045
2024,Atyrau,Almaty_city,2043
2024,Kyzylorda,Turkestan,2020
2024,Aktobe,Almaty_city,2014
2024,Akmola,North_Kaz,2006
2024,East_Kaz,Almaty_city,1990
2024,Kyzylorda,Almaty,1973
2024,Astana_city,East_Kaz,1920
2024,Aktobe,Atyrau,1900
2024,Astana_city,Aktobe,1859
2024,Almaty_city,Abay,1857
2024,West_Kaz,Almaty_city,1836
2024,Zhambyl,Shymkent_city,1819
2024,Kyzylorda,Aktobe,1793
2024,Almaty,Shymkent_city,1649
2024,West_Kaz,Shymkent_city,1629
2024,Turkestan,Mangystau,1604
2024,Mangystau,Atyrau,1558
2024,Astana_city,Mangystau,1557
2024,Turkestan,West_Kaz,1542
2024,Pavlodar,Almaty_city,1525
2024,Shymkent_city,Zhambyl,1517
2024,Astana_city,Atyrau,1496
2024,Turkestan,Kyzylorda,1488
2024,Astana_city,West_Kaz,1433
2024,Shymkent_city,West_Kaz,1382
2024,Almaty_city,Mangystau,1372
2024,Almaty_city,East_Kaz,1329
2024,Kostanay,Akmola,1328
2024,Karaganda,Akmola,1291
2024,Akmola,Kostanay,1231
2024,Kyzylorda,Shymkent_city,1231
2024,Atyrau,West_Kaz,1230
2024,Aktobe,Mangystau,1216
2024,Almaty,Abay,1212
2024,Mangystau,Almaty,1212
2024,West_Kaz,Turkestan,1208
2024,Mangystau,Turkestan,1207
2024,Almaty_city,West_Kaz,1207
2024,West_Kaz,Atyrau,1204
2024,Almaty_city,Karaganda,1193
2024,Almaty_city,Atyrau,1170
2024,Mangystau,Aktobe,1160
2024,Kostanay,Almaty_city,1142
2024,Almaty_city,Aktobe,1122
2024,Turkestan,Karaganda,1118
2024,Astana_city,Ulytau,1097
2024,Turkestan,Akmola,1092
2024,Akmola,Almaty_city,1089
2024,Zhambyl,Karaganda,1082
2024,Turkestan,Pavlodar,1070
2024,Aktobe,West_Kaz,1037
2024,Almaty,Kyzylorda,1037
2024,West_Kaz,Aktobe,1012
2024,Akmola,Karaganda,1009
2024,Astana_city,Zhetysu,986
2024,East_Kaz,Almaty,953
2024,Aktobe,Kyzylorda,944
2024,Almaty,Mangystau,925
2024,Abay,Pavlodar,907
2024,Karaganda,Almaty,907
2024,Almaty_city,Pavlodar,904
2024,Turkestan,North_Kaz,849
2024,Shymkent_city,Kyzylorda,826
2024,Turkestan,Kostanay,815
2024,Mangystau,Shymkent_city,779
2024,Pavlodar,Karaganda,764
2024,Almaty_city,Akmola,756
2024,Pavlodar,Akmola,753
2024,Turkestan,Ulytau,742
2024,Abay,Zhetysu,734
2024,Almaty,East_Kaz,731
2024,Ulytau,Almaty_city,731
2024,Shymkent_city,Mangystau,730
2024,Karaganda,Turkestan,717
2024,Zhambyl,Akmola,715
2024,Zhambyl,Mangystau,715
2024,Pavlodar,Turkestan,715
2024,Kostanay,Shymkent_city,688
2024,Karaganda,Zhambyl,683
2024,Pavlodar,Abay,668
2024,Pavlodar,Almaty,657
2024,North_Kaz,Almaty_city,656
2024,Almaty_city,Kostanay,653
2024,Atyrau,Almaty,648
2024,Aktobe,Almaty,645
2024,Ulytau,Turkestan,642
2024,Shymkent_city,Kostanay,636
2024,Almaty,Pavlodar,631
2024,Shymkent_city,Ulytau,630
2024,Zhetysu,Abay,624
2024,Kostanay,Turkestan,621
2024,Mangystau,West_Kaz,616
2024,West_Kaz,Mangystau,613
2024,Akmola,Turkestan,598
2024,Almaty,Karaganda,591
2024,Akmola,Almaty,586
2024,Akmola,Pavlodar,579
2024,Karaganda,Pavlodar,569
2024,Almaty_city,Ulytau,562
2024,Ulytau,Shymkent_city,558
2024,Karaganda,Shymkent_city,555
2024,Kyzylorda,Akmola,548
2024,Shymkent_city,Karaganda,544
2024,Mangystau,Zhambyl,535
2024,Kyzylorda,Zhambyl,518
2024,Kostanay,Karaganda,517
2024,Almaty,Akmola,499
2024,Turkestan,Atyrau,490
2024,West_Kaz,Almaty,485
2024,North_Kaz,Turkestan,482
2024,North_Kaz,Kostanay,469
2024,Almaty,Atyrau,463
2024,Zhambyl,Kyzylorda,456
2024,Almaty,Aktobe,445
2024,Atyrau,Turkestan,443
2024,Abay,Akmola,431
2024,Shymkent_city,Akmola,430
2024,Atyrau,Shymkent_city,421
2024,Akmola,Zhambyl,413
2024,Zhetysu,East_Kaz,413
2024,Zhambyl,Zhetysu,411
2024,Karaganda,Kostanay,411
2024,Almaty,West_Kaz,409
2024,Turkestan,Aktobe,408
2024,Zhambyl,Pavlodar,407
2024,Akmola,Shymkent_city,399
2024,Zhetysu,Zhambyl,399
2024,North_Kaz,Almaty,397
2024,Kostanay,Almaty,392
2024,Shymkent_city,Pavlodar,386
2024,Turkestan,Zhetysu,382
2024,Almaty_city,North_Kaz,372
2024,North_Kaz,Karaganda,370
2024,Aktobe,Shymkent_city,366
2024,Akmola,Mangystau,363
2024,Shymkent_city,Abay,361
2024,Shymkent_city,North_Kaz,358
2024,Zhetysu,Shymkent_city,356
2024,Turkestan,Abay,356
2024,Aktobe,Turkestan,349
2024,Mangystau,Kyzylorda,344
2024,Abay,Shymkent_city,343
2024,Pavlodar,Zhetysu,343
2024,Shymkent_city,Atyrau,340
2024,Kyzylorda,Mangystau,338
2024,Zhambyl,Kostanay,329
2024,Zhetysu,Turkestan,327
2024,Turkestan,East_Kaz,324
2024,Kyzylorda,Karaganda,321
2024,Zhetysu,Pavlodar,320
2024,Kostanay,North_Kaz,319
2024,Almaty,Kostanay,317
2024,Zhetysu,Karaganda,309
2024,East_Kaz,Akmola,308
2024,East_Kaz,Zhetysu,307
2024,Shymkent_city,Zhetysu,307
2024,Pavlodar,Mangystau,300
2024,Almaty,North_Kaz,299
2024,Akmola,Kyzylorda,298
2024,East_Kaz,Pavlodar,298
2024,Abay,Karaganda,295
2024,Pavlodar,Shymkent_city,292
2024,Kostanay,Mangystau,291
2024,Kyzylorda,Atyrau,291
2024,Shymkent_city,Aktobe,287
2024,Zhambyl,West_Kaz,285
2024,North_Kaz,Shymkent_city,284
2024,Zhambyl,Aktobe,281
2024,Karaganda,Abay,277
2024,Zhambyl,North_Kaz,273
2024,Abay,Turkestan,265
2024,Pavlodar,East_Kaz,261
2024,Karaganda,North_Kaz,259
2024,West_Kaz,Zhambyl,254
2024,Zhambyl,Atyrau,253
2024,Karaganda,Zhetysu,252
2024,Mangystau,Abay,252
2024,Zhambyl,Abay,241
2024,Karaganda,East_Kaz,237
2024,Kostanay,Zhambyl,235
2024,Karaganda,Mangystau,233
2024,Abay,Mangystau,232
2024,Kostanay,Aktobe,232
2024,Kostanay,Pavlodar,231
2024,North_Kaz,Pavlodar,231
2024,Aktobe,Akmola,230
2024,Atyrau,Kyzylorda,230
2024,Atyrau,Zhambyl,227
2024,Karaganda,Kyzylorda,227
2024,Zhetysu,Mangystau,226
2024,Mangystau,Akmola,222
2024,Pavlodar,Zhambyl,219
2024,Abay,Zhambyl,215
2024,Aktobe,Zhambyl,215
2024,Kyzylorda,Ulytau,213
2024,Kyzylorda,West_Kaz,213
2024,Mangystau,North_Kaz,212
2024,Mangystau,Zhetysu,211
2024,Ulytau,Almaty,210
2024,Kyzylorda,Kostanay,209
2024,East_Kaz,Karaganda,208
2024,Akmola,Abay,207
2024,Zhetysu,Akmola,205
2024,Akmola,East_Kaz,204
2024,Kyzylorda,Pavlodar,204
2024,East_Kaz,Turkestan,201
2024,Shymkent_city,East_Kaz,197
2024,Kyzylorda,North_Kaz,196
2024,Aktobe,Kostanay,193
2024,West_Kaz,Kyzylorda,192
2024,West_Kaz,Akmola,184
2024,Pavlodar,Kostanay,181
2024,North_Kaz,Zhambyl,181
2024,Akmola,Zhetysu,177
2024,Mangystau,Karaganda,177
2024,Ulytau,Kyzylorda,175
2024,Karaganda,Aktobe,172
2024,Kyzylorda,Zhetysu,169
2024,East_Kaz,Shymkent_city,168
2024,Ulytau,Akmola,165
2024,Zhambyl,East_Kaz,156
2024,Pavlodar,North_Kaz,154
2024,East_Kaz,Mangystau,154
2024,Almaty,Ulytau,152
2024,West_Kaz,Karaganda,151
2024,Karaganda,West_Kaz,151
2024,Kyzylorda,Abay,147
2024,Mangystau,East_Kaz,143
2024,Akmola,Aktobe,141
2024,Aktobe,Karaganda,135
2024,Atyrau,Akmola,134
2024,Pavlodar,Kyzylorda,132
2024,Zhetysu,Kyzylorda,129
2024,Mangystau,Pavlodar,129
2024,Zhetysu,North_Kaz,128
2024,Aktobe,Zhetysu,125
2024,North_Kaz,Mangystau,125
2024,Zhetysu,West_Kaz,123
2024,Zhetysu,Kostanay,122
2024,Mangystau,Kostanay,122
2024,East_Kaz,Zhambyl,122
2024,Akmola,Ulytau,120
2024,Kostanay,Zhetysu,118
2024,North_Kaz,Kyzylorda,112
2024,Kostanay,Kyzylorda,111
2024,Zhambyl,Ulytau,110
2024,Aktobe,Abay,108
2024,Kyzylorda,East_Kaz,108
2024,Ulytau,Zhambyl,107
2024,Akmola,West_Kaz,104
2024,Zhetysu,Aktobe,104
2024,West_Kaz,Kostanay,101
2024,Atyrau,Abay,100
2024,West_Kaz,Zhetysu,98
2024,East_Kaz,West_Kaz,98
2024,Atyrau,Zhetysu,97
2024,Abay,West_Kaz,95
2024,Pavlodar,Aktobe,95
2024,North_Kaz,Zhetysu,95
2024,East_Kaz,Kyzylorda,93
2024,Pavlodar,West_Kaz,92
2024,West_Kaz,East_Kaz,91
2024,Akmola,Atyrau,90
2024,Karaganda,Atyrau,85
2024,Aktobe,Pavlodar,84
2024,West_Kaz,Abay,84
2024,Atyrau,East_Kaz,81
2024,Kostanay,Atyrau,81
2024,Ulytau,Pavlodar,81
2024,Atyrau,Kostanay,79
2024,Kostanay,Ulytau,78
2024,Abay,Kostanay,76
2024,Abay,Atyrau,75
2024,Atyrau,Karaganda,75
2024,East_Kaz,Kostanay,75
2024,Kostanay,West_Kaz,74
2024,Abay,Aktobe,73
2024,Abay,Kyzylorda,73
2024,Kostanay,East_Kaz,73
2024,Abay,North_Kaz,71
2024,Pavlodar,Atyrau,70
2024,North_Kaz,East_Kaz,70
2024,Aktobe,East_Kaz,62
2024,East_Kaz,Atyrau,62
2024,West_Kaz,North_Kaz,61
2024,Kostanay,Abay,61
2024,East_Kaz,Aktobe,59
2024,Atyrau,Pavlodar,58
2024,West_Kaz,Pavlodar,58
2024,Zhetysu,Atyrau,58
2024,Ulytau,Kostanay,56
2024,Aktobe,North_Kaz,52
2024,North_Kaz,Aktobe,49
2024,Pavlodar,Ulytau,47
2024,East_Kaz,North_Kaz,46
2024,Ulytau,East_Kaz,45
2024,North_Kaz,Abay,41
2024,Atyrau,Ulytau,40
2024,North_Kaz,Ulytau,40
2024,Abay,Ulytau,39
2024,Mangystau,Ulytau,39
2024,Ulytau,Zhetysu,37
2024,Zhetysu,Ulytau,36
2024,North_Kaz,West_Kaz,36
2024,Ulytau,Abay,35
2024,East_Kaz,Ulytau,33
2024,Ulytau,Atyrau,27
2024,Ulytau,West_Kaz,26
2024,Atyrau,North_Kaz,25
2024,North_Kaz,Atyrau,23
2024,Ulytau,Mangystau,23
2024,Ulytau,North_Kaz,23
2024,Aktobe,Ulytau,21
2024,West_Kaz,Ulytau,21
2024,Ulytau,Aktobe,20
2023,Almaty,Almaty_city,37650
2023,Turkestan,Shymkent_city,30689
2023,Almaty_city,Almaty,26876
2023,Shymkent_city,Turkestan,22256
2023,Akmola,Astana_city,19029
2023,Astana_city,Akmola,12771
2023,Turkestan,Astana_city,10583
2023,Zhambyl,Almaty_city,9692
2023,Zhetysu,Almaty_city,8386
2023,Karaganda,Astana_city,8190
2023,Turkestan,Almaty_city,7616
2023,Almaty_city,Astana_city,7457
2023,Astana_city,Almaty_city,7358
2023,Zhambyl,Astana_city,7002
2023,Zhetysu,Almaty,6427
2023,Shymkent_city,Astana_city,6078
2023,Pavlodar,Astana_city,5811
2023,Kostanay,Astana_city,5643
2023,Abay,Astana_city,5227
2023,Astana_city,Turkestan,4967
2023,Kyzylorda,Astana_city,4897
2023,Zhambyl,Almaty,4608
2023,Shymkent_city,Almaty_city,4392
2023,Turkestan,Almaty,3858
2023,Almaty_city,Zhambyl,3713
2023,North_Kaz,Astana_city,3630
2023,Astana_city,Shymkent_city,3623
2023,Almaty,Zhetysu,3391
2023,Aktobe,Astana_city,3381
2023,East_Kaz,Astana_city,3348
2023,Almaty_city,Zhetysu,3293
2023,North_Kaz,Akmola,3204
2023,Ulytau,Karaganda,3166
2023,Almaty_city,Turkestan,3116
2023,Astana_city,Zhambyl,2976
2023,Kyzylorda,Almaty_city,2927
2023,Astana_city,Karaganda,2885
2023,Abay,Almaty_city,2778
2023,Abay,East_Kaz,2771
2023,Almaty,Astana_city,2569
2023,Atyrau,Astana_city,2412
2023,West_Kaz,Astana_city,2296
2023,East_Kaz,Abay,2239
2023,Almaty_city,Shymkent_city,2220
2023,Astana_city,Kostanay,2137
2023,Astana_city,Pavlodar,2095
2023,Mangystau,Astana_city,2067
2023,Almaty,Zhambyl,2008
2023,Astana_city,Abay,1939
2023,Astana_city,Kyzylorda,1922
2023,Astana_city,Almaty,1879
2023,Karaganda,Almaty_city,1865
2023,Karaganda,Ulytau,1819
2023,Atyrau,Aktobe,1752
2023,Abay,Almaty,1685
2023,Ulytau,Astana_city,1680
2023,East_Kaz,Almaty_city,1663
2023,Almaty,Turkestan,1657
2023,Zhetysu,Astana_city,1621
2023,Akmola,North_Kaz,1576
2023,Atyrau,Almaty_city,1546
2023,Aktobe,Almaty_city,1541
2023,Almaty,Shymkent_city,1533
2023,Shymkent_city,Almaty,1533
2023,Mangystau,Almaty_city,1514
2023,Astana_city,North_Kaz,1460
2023,Turkestan,Zhambyl,1454
2023,Kyzylorda,Almaty,1390
2023,Aktobe,Atyrau,1366
2023,Kyzylorda,Aktobe,1319
2023,Almaty_city,Kyzylorda,1272
2023,Kyzylorda,Turkestan,1268
2023,Atyrau,Mangystau,1262
2023,Zhambyl,Turkestan,1197
2023,Pavlodar,Almaty_city,1171
2023,Zhambyl,Shymkent_city,1163
2023,Astana_city,Atyrau,1162
2023,Astana_city,East_Kaz,1158
2023,Almaty_city,Abay,1156
2023,Turkestan,Mangystau,1138
2023,West_Kaz,Almaty_city,1136
2023,Mangystau,Atyrau,1114
2023,Astana_city,Aktobe,1104
2023,Turkestan,Kyzylorda,993
2023,Astana_city,Mangystau,977
2023,Aktobe,Mangystau,974
2023,Akmola,Kostanay,968
2023,Karaganda,Akmola,962
2023,Mangystau,Aktobe,949
2023,Kostanay,Akmola,934
2023,Atyrau,West_Kaz,920
2023,Turkestan,Pavlodar,906
2023,West_Kaz,Atyrau,904
2023,Akmola,Karaganda,892
2023,Astana_city,West_Kaz,887
2023,Shymkent_city,Zhambyl,879
2023,Kostanay,Almaty_city,860
2023,Mangystau,Turkestan,855
2023,Almaty_city,Karaganda,847
2023,Zhambyl,Karaganda,841
2023,Mangystau,Almaty,839
2023,Turkestan,Karaganda,828
2023,Almaty_city,Atyrau,827
2023,Akmola,Almaty_city,817
2023,Almaty,Abay,812
2023,Almaty_city,Mangystau,797
2023,Turkestan,West_Kaz,795
2023,Astana_city,Ulytau,793
2023,Karaganda,Almaty,782
2023,West_Kaz,Aktobe,777
2023,West_Kaz,Shymkent_city,775
2023,East_Kaz,Almaty,766
2023,Astana_city,Zhetysu,750
2023,Turkestan,Akmola,742
2023,Almaty_city,Aktobe,741
2023,Shymkent_city,West_Kaz,703
2023,Kyzylorda,Shymkent_city,699
2023,Almaty,Mangystau,691
2023,Almaty_city,East_Kaz,687
2023,Almaty,Kyzylorda,685
2023,Abay,Pavlodar,682
2023,Aktobe,West_Kaz,681
2023,Almaty_city,West_Kaz,679
2023,Aktobe,Kyzylorda,673
2023,West_Kaz,Turkestan,659
2023,Turkestan,North_Kaz,611
2023,Almaty_city,Pavlodar,575
2023,Pavlodar,Karaganda,568
2023,Ulytau,Almaty_city,567
2023,Pavlodar,Akmola,560
2023,Turkestan,Kostanay,556
2023,Zhambyl,Akmola,542
2023,Abay,Zhetysu,540
2023,Karaganda,Zhambyl,538
2023,Karaganda,Turkestan,535
2023,Almaty_city,Akmola,535
2023,Karaganda,Pavlodar,531
2023,Pavlodar,Turkestan,528
2023,Shymkent_city,Kyzylorda,525
2023,Almaty,East_Kaz,518
2023,Zhetysu,Abay,516
2023,Almaty,Karaganda,515
2023,Atyrau,Almaty,515
2023,Aktobe,Almaty,504
2023,North_Kaz,Almaty_city,498
2023,West_Kaz,Mangystau,489
2023,Pavlodar,Abay,488
2023,Turkestan,Ulytau,472
2023,Kostanay,Karaganda,467
2023,Zhambyl,Mangystau,461
2023,Almaty,Pavlodar,460
2023,Pavlodar,Almaty,460
2023,Kyzylorda,Zhambyl,456
2023,Akmola,Pavlodar,454
2023,Mangystau,Shymkent_city,452
2023,Zhambyl,Kyzylorda,442
2023,Kyzylorda,Akmola,438
2023,Almaty_city,Kostanay,431
2023,Shymkent_city,Mangystau,429
2023,Karaganda,Shymkent_city,427
2023,Almaty,Akmola,417
2023,Mangystau,West_Kaz,408
2023,North_Kaz,Kostanay,405
2023,Shymkent_city,Karaganda,401
2023,Akmola,Almaty,397
2023,Mangystau,Zhambyl,396
2023,Kostanay,Shymkent_city,395
2023,Shymkent_city,Kostanay,389
2023,Turkestan,Atyrau,388
2023,Akmola,Turkestan,379
2023,Abay,Akmola,376
2023,Zhetysu,Pavlodar,371
2023,Karaganda,Kostanay,362
2023,Ulytau,Turkestan,351
2023,Shymkent_city,Ulytau,351
2023,Kostanay,Turkestan,346
2023,Almaty_city,Ulytau,345
2023,Shymkent_city,Akmola,338
2023,Zhetysu,Zhambyl,332
2023,Ulytau,Shymkent_city,324
2023,Zhambyl,Pavlodar,317
2023,Almaty,Atyrau,315
2023,Shymkent_city,Pavlodar,312
2023,Zhambyl,Zhetysu,310
2023,Kyzylorda,Mangystau,306
2023,West_Kaz,Almaty,304
2023,Almaty_city,North_Kaz,297
2023,Shymkent_city,North_Kaz,296
2023,Almaty,North_Kaz,295
2023,Almaty,Aktobe,282
2023,Kostanay,Almaty,282
2023,Akmola,Shymkent_city,281
2023,Zhetysu,Karaganda,276
2023,East_Kaz,Zhetysu,275
2023,North_Kaz,Almaty,267
2023,North_Kaz,Turkestan,267
2023,Aktobe,Turkestan,262
2023,Akmola,Zhambyl,260
2023,Zhambyl,Kostanay,259
2023,Zhetysu,East_Kaz,259
2023,Turkestan,Zhetysu,259
2023,Atyrau,Turkestan,256
2023,Turkestan,East_Kaz,254
2023,Kostanay,North_Kaz,253
2023,Pavlodar,Zhetysu,253
2023,Abay,Karaganda,249
2023,North_Kaz,Karaganda,248
2023,Turkestan,Aktobe,248
2023,Zhambyl,West_Kaz,243
2023,East_Kaz,Akmola,237
2023,Zhambyl,North_Kaz,231
2023,Mangystau,Kyzylorda,229
2023,Pavlodar,Shymkent_city,227
2023,Shymkent_city,Zhetysu,227
2023,Zhetysu,Turkestan,224
2023,East_Kaz,Pavlodar,224
2023,Atyrau,Shymkent_city,222
2023,Almaty,Kostanay,220
2023,Kyzylorda,Ulytau,219
2023,Shymkent_city,Atyrau,219
2023,Karaganda,Zhetysu,217
2023,Karaganda,Abay,212
2023,Karaganda,North_Kaz,212
2023,Turkestan,Abay,207
2023,Aktobe,Shymkent_city,205
2023,Kyzylorda,Atyrau,202
2023,Almaty,West_Kaz,200
2023,Shymkent_city,Abay,200
2023,Kyzylorda,Karaganda,199
2023,Atyrau,Kyzylorda,198
2023,Zhetysu,Shymkent_city,191
2023,Pavlodar,East_Kaz,190
2023,Akmola,Kyzylorda,189
2023,Abay,Turkestan,188
2023,West_Kaz,Zhambyl,188
2023,Atyrau,Zhambyl,187
2023,Pavlodar,Mangystau,187
2023,Kostanay,Zhambyl,182
2023,Abay,Zhambyl,177
2023,Zhetysu,Akmola,176
2023,East_Kaz,Turkestan,175
2023,Kostanay,Aktobe,174
2023,Zhambyl,Atyrau,173
2023,Kostanay,Pavlodar,172
2023,Zhambyl,Abay,171
2023,Zhambyl,East_Kaz,169
2023,Aktobe,Kostanay,168
2023,Akmola,Abay,167
2023,Karaganda,East_Kaz,166
2023,Pavlodar,Zhambyl,164
2023,Kyzylorda,Pavlodar,163
2023,Shymkent_city,Aktobe,161
2023,Pavlodar,Kostanay,155
2023,North_Kaz,Shymkent_city,154
2023,Abay,Shymkent_city,150
2023,Mangystau,Karaganda,148
2023,Kostanay,Mangystau,147
2023,North_Kaz,Zhambyl,147
2023,East_Kaz,Karaganda,147
2023,Zhambyl,Aktobe,146
2023,Zhetysu,Mangystau,145
2023,Mangystau,Zhetysu,141
2023,Aktobe,Zhambyl,140
2023,Pavlodar,North_Kaz,140
2023,Karaganda,Mangystau,137
2023,Mangystau,Abay,134
2023,Akmola,East_Kaz,132
2023,Kyzylorda,Kostanay,132
2023,Mangystau,Kostanay,132
2023,Kyzylorda,North_Kaz,129
2023,Mangystau,Akmola,125
2023,Akmola,Zhetysu,122
2023,Almaty,Ulytau,122
2023,Akmola,Mangystau,120
2023,Aktobe,Akmola,120
2023,North_Kaz,Pavlodar,120
2023,Ulytau,Almaty,119
2023,East_Kaz,Shymkent_city,116
2023,West_Kaz,Kyzylorda,115
2023,Kyzylorda,Zhetysu,114
2023,Abay,Mangystau,113
2023,Ulytau,Akmola,112
2023,Mangystau,North_Kaz,109
2023,Pavlodar,Kyzylorda,109
2023,Karaganda,Kyzylorda,108
2023,Kostanay,Kyzylorda,106
2023,Kyzylorda,West_Kaz,103
2023,Ulytau,Kyzylorda,103
2023,East_Kaz,Zhambyl,103
2023,Akmola,Aktobe,102
2023,Karaganda,Aktobe,102
2023,Atyrau,Akmola,100
2023,Zhetysu,North_Kaz,100
2023,West_Kaz,Akmola,98
2023,Zhetysu,Kyzylorda,95
2023,Zhambyl,Ulytau,94
2023,Shymkent_city,East_Kaz,94
2023,East_Kaz,Mangystau,91
2023,Zhetysu,Aktobe,90
2023,Karaganda,West_Kaz,90
2023,Abay,Kyzylorda,89
2023,North_Kaz,Mangystau,89
2023,Abay,Aktobe,88
2023,North_Kaz,Zhetysu,87
2023,Akmola,Ulytau,86
2023,Karaganda,Atyrau,83
2023,Kyzylorda,East_Kaz,82
2023,Ulytau,Zhambyl,80
2023,Aktobe,Karaganda,78
2023,Zhetysu,Kostanay,77
2023,Kostanay,East_Kaz,77
2023,West_Kaz,Karaganda,75
2023,Kyzylorda,Abay,75
2023,Atyrau,Zhetysu,74
2023,Akmola,Atyrau,72
2023,Mangystau,Pavlodar,72
2023,Kostanay,West_Kaz,71
2023,Akmola,West_Kaz,70
2023,Abay,Kostanay,69
2023,West_Kaz,East_Kaz,69
2023,Atyrau,Abay,68
2023,Aktobe,Zhetysu,66
2023,Zhetysu,Atyrau,66
2023,Kostanay,Abay,66
2023,Ulytau,Kostanay,63
2023,Atyrau,Karaganda,62
2023,East_Kaz,West_Kaz,62
2023,Pavlodar,Atyrau,61
2023,Abay,Atyrau,59
2023,Aktobe,Abay,59
2023,West_Kaz,Kostanay,58
2023,Mangystau,East_Kaz,58
2023,East_Kaz,Kyzylorda,58
2023,Kostanay,Atyrau,57
2023,Kostanay,Ulytau,57
2023,Aktobe,North_Kaz,56
2023,Aktobe,Pavlodar,56
2023,West_Kaz,Pavlodar,55
2023,Kostanay,Zhetysu,55
2023,Ulytau,Pavlodar,55
2023,West_Kaz,Zhetysu,53
2023,North_Kaz,Kyzylorda,53
2023,East_Kaz,Kostanay,53
2023,Zhetysu,West_Kaz,52
2023,Atyrau,Kostanay,49
2023,Pavlodar,Aktobe,49
2023,North_Kaz,West_Kaz,48
2023,East_Kaz,Aktobe,45
2023,Abay,West_Kaz,41
2023,Aktobe,East_Kaz,41
2023,Pavlodar,Ulytau,40
2023,North_Kaz,Abay,40
2023,East_Kaz,Atyrau,39
2023,North_Kaz,East_Kaz,36
2023,Abay,North_Kaz,35
2023,North_Kaz,Aktobe,35
2023,Atyrau,Pavlodar,34
2023,Zhetysu,Ulytau,33
2023,Ulytau,East_Kaz,33
2023,Ulytau,North_Kaz,32
2023,West_Kaz,Abay,31
2023,Pavlodar,West_Kaz,30
2023,Abay,Ulytau,29
2023,Ulytau,Zhetysu,29
2023,East_Kaz,North_Kaz,27
2023,North_Kaz,Atyrau,26
2023,West_Kaz,North_Kaz,24
2023,East_Kaz,Ulytau,24
2023,West_Kaz,Ulytau,23
2023,North_Kaz,Ulytau,22
2023,Ulytau,Aktobe,21
2023,Atyrau,North_Kaz,20
2023,Ulytau,West_Kaz,20
2023,Ulytau,Atyrau,19
2023,Atyrau,Ulytau,18
2023,Ulytau,Abay,18
2023,Aktobe,Ulytau,15
2023,Mangystau,Ulytau,15
2023,Atyrau,East_Kaz,13
2023,Ulytau,Mangystau,12
2022,Almaty,Almaty_city,29803
2022,Almaty_city,Almaty,29803
2022,Shymkent_city,Turkestan,23058
2022,Turkestan,Shymkent_city,16543
2022,Akmola,Astana_city,14686
2022,Astana_city,Akmola,14686
2022,Almaty_city,Zhambyl,7633
2022,Astana_city,Turkestan,7286
2022,Almaty_city,Zhetysu,6757
2022,Almaty_city,Astana_city,6185
2022,Astana_city,Karaganda,6055
2022,Almaty_city,Turkestan,5835
2022,Astana_city,Almaty_city,5332
2022,Astana_city,Zhambyl,4987
2022,Astana_city,Pavlodar,4632
2022,Astana_city,Kostanay,4529
2022,Astana_city,Shymkent_city,4157
2022,Abay,Astana_city,4132
2022,Astana_city,Abay,4132
2022,Turkestan,Astana_city,3890
2022,Astana_city,Kyzylorda,3418
2022,Almaty_city,Shymkent_city,3143
2022,Astana_city,North_Kaz,2951
2022,Zhambyl,Almaty_city,2742
2022,Almaty_city,Kyzylorda,2729
2022,Shymkent_city,Astana_city,2599
2022,Astana_city,East_Kaz,2506
2022,Abay,Almaty_city,2493
2022,Almaty_city,Abay,2493
2022,Aktobe,Astana_city,2425
2022,Astana_city,Aktobe,2425
2022,Almaty,Zhetysu,2394
2022,Zhetysu,Almaty,2394
2022,Karaganda,Ulytau,2390
2022,Karaganda,Astana_city,2372
2022,Zhambyl,Astana_city,2327
2022,Zhetysu,Almaty_city,2169
2022,Abay,East_Kaz,2089
2022,East_Kaz,Abay,2089
2022,Turkestan,Almaty_city,2062
2022,Almaty,Astana_city,1907
2022,Astana_city,Almaty,1907
2022,Astana_city,West_Kaz,1801
2022,Pavlodar,Astana_city,1683
2022,Kostanay,Astana_city,1649
2022,Abay,Almaty,1636
2022,Almaty_city,Karaganda,1628
2022,Almaty,Zhambyl,1615
2022,Zhambyl,Almaty,1615
2022,Shymkent_city,Almaty_city,1532
2022,Astana_city,Atyrau,1468
2022,Kyzylorda,Astana_city,1407
2022,Almaty_city,East_Kaz,1389
2022,Astana_city,Ulytau,1358
2022,Aktobe,Almaty_city,1340
2022,Almaty_city,Aktobe,1340
2022,Astana_city,Mangystau,1333
2022,Zhambyl,Turkestan,1260
2022,Almaty,Turkestan,1248
2022,Turkestan,Almaty,1248
2022,Almaty_city,Atyrau,1246
2022,Akmola,North_Kaz,1215
2022,North_Kaz,Akmola,1215
2022,Ulytau,Karaganda,1200
2022,Almaty_city,Mangystau,1197
2022,North_Kaz,Astana_city,1163
2022,Astana_city,Zhetysu,1072
2022,Almaty_city,West_Kaz,1038
2022,East_Kaz,Astana_city,1028
2022,Turkestan,Zhambyl,991
2022,Mangystau,Turkestan,963
2022,Kyzylorda,Almaty_city,956
2022,Turkestan,Kyzylorda,953
2022,Almaty_city,Pavlodar,951
2022,Atyrau,Mangystau,933
2022,Aktobe,Atyrau,903
2022,Atyrau,Aktobe,903
2022,Mangystau,Atyrau,898
2022,Akmola,Kostanay,896
2022,Kostanay,Akmola,896
2022,Shymkent_city,Zhambyl,886
2022,Kyzylorda,Turkestan,826
2022,Almaty_city,Kostanay,780
2022,Mangystau,Astana_city,752
2022,West_Kaz,Atyrau,741
2022,Aktobe,Mangystau,724
2022,Mangystau,Aktobe,724
2022,Almaty,Shymkent_city,721
2022,Shymkent_city,Almaty,721
2022,Akmola,Almaty_city,693
2022,Almaty_city,Akmola,693
2022,Akmola,Karaganda,691
2022,Karaganda,Akmola,691
2022,Zhambyl,Shymkent_city,689
2022,Atyrau,West_Kaz,659
2022,Karaganda,Turkestan,650
2022,Abay,Pavlodar,637
2022,Pavlodar,Abay,637
2022,Almaty,Abay,636
2022,Aktobe,Kyzylorda,630
2022,Kyzylorda,Aktobe,630
2022,Mangystau,Almaty_city,630
2022,Pavlodar,Turkestan,630
2022,Ulytau,Astana_city,629
2022,Atyrau,Astana_city,626
2022,Almaty,Kyzylorda,609
2022,Kyzylorda,Almaty,609
2022,Karaganda,Almaty_city,586
2022,Karaganda,Zhambyl,572
2022,West_Kaz,Astana_city,567
2022,East_Kaz,Almaty_city,561
2022,Shymkent_city,Kyzylorda,558
2022,Turkestan,Mangystau,534
2022,Almaty,Mangystau,533
2022,Mangystau,Almaty,533
2022,North_Kaz,Turkestan,524
2022,Aktobe,West_Kaz,523
2022,West_Kaz,Aktobe,523
2022,West_Kaz,Turkestan,505
2022,Karaganda,Pavlodar,502
2022,West_Kaz,Shymkent_city,492
2022,Abay,Zhetysu,471
2022,Zhetysu,Abay,471
2022,Zhetysu,Astana_city,465
2022,Kyzylorda,Shymkent_city,463
2022,Almaty_city,North_Kaz,462
2022,Atyrau,Almaty_city,457
2022,Pavlodar,Karaganda,449
2022,Mangystau,Zhambyl,448
2022,Almaty,East_Kaz,444
2022,East_Kaz,Almaty,444
2022,Zhambyl,Karaganda,434
2022,Aktobe,Almaty,414
2022,Shymkent_city,West_Kaz,409
2022,West_Kaz,Almaty_city,405
2022,Turkestan,West_Kaz,396
2022,Almaty,Karaganda,389
2022,Karaganda,Almaty,389
2022,Turkestan,Karaganda,389
2022,Almaty_city,Ulytau,385
2022,Pavlodar,Almaty_city,378
2022,Mangystau,West_Kaz,370
2022,Akmola,Pavlodar,368
2022,Pavlodar,Akmola,368
2022,Akmola,Almaty,360
2022,Mangystau,Shymkent_city,360
2022,Almaty,Pavlodar,359
2022,Pavlodar,Almaty,359
2022,West_Kaz,Mangystau,358
2022,Kyzylorda,Zhambyl,348
2022,Ulytau,Turkestan,347
2022,Karaganda,Kostanay,345
2022,Kostanay,Turkestan,340
2022,Kostanay,North_Kaz,339
2022,Atyrau,Turkestan,331
2022,Kostanay,Almaty_city,321
2022,Shymkent_city,Mangystau,316
2022,Zhambyl,Kyzylorda,313
2022,Abay,Akmola,308
2022,Zhambyl,Mangystau,289
2022,Kostanay,Shymkent_city,288
2022,Almaty,Akmola,286
2022,Turkestan,Kostanay,282
2022,Shymkent_city,Karaganda,268
2022,Karaganda,Shymkent_city,265
2022,Turkestan,Pavlodar,262
2022,Kostanay,Karaganda,259
2022,Karaganda,North_Kaz,251
2022,East_Kaz,Zhetysu,250
2022,Almaty,Aktobe,241
2022,North_Kaz,Kostanay,237
2022,Almaty,Atyrau,236
2022,Atyrau,Almaty,236
2022,Zhambyl,Zhetysu,235
2022,Pavlodar,Zhetysu,232
2022,Turkestan,Atyrau,227
2022,Akmola,Turkestan,223
2022,Turkestan,Akmola,223
2022,North_Kaz,Almaty_city,221
2022,East_Kaz,Pavlodar,221
2022,Pavlodar,East_Kaz,220
2022,North_Kaz,Shymkent_city,220
2022,Turkestan,North_Kaz,215
2022,Zhetysu,Zhambyl,211
2022,Abay,Karaganda,210
2022,Karaganda,Abay,210
2022,Zhetysu,East_Kaz,208
2022,Aktobe,Turkestan,207
2022,Turkestan,Aktobe,207
2022,Pavlodar,Shymkent_city,203
2022,Mangystau,Kyzylorda,202
2022,Ulytau,Shymkent_city,202
2022,Shymkent_city,Kostanay,202
2022,Kostanay,Zhambyl,201
2022,Atyrau,Zhambyl,200
2022,Karaganda,Zhetysu,199
2022,Ulytau,Almaty_city,194
2022,Karaganda,Kyzylorda,193
2022,Pavlodar,Zhambyl,193
2022,Akmola,Zhambyl,191
2022,Zhambyl,Akmola,191
2022,Pavlodar,Kyzylorda,188
2022,Almaty,North_Kaz,185
2022,Zhetysu,Turkestan,185
2022,North_Kaz,Almaty,185
2022,Almaty,Kostanay,181
2022,Kostanay,Almaty,181
2022,North_Kaz,Zhambyl,178
2022,Kyzylorda,Mangystau,177
2022,North_Kaz,Karaganda,177
2022,Almaty,West_Kaz,174
2022,West_Kaz,Almaty,174
2022,Kostanay,Kyzylorda,173
2022,East_Kaz,Turkestan,173
2022,Shymkent_city,Pavlodar,171
2022,Turkestan,Ulytau,170
2022,Atyrau,Shymkent_city,169
2022,Turkestan,Zhetysu,164
2022,Akmola,Shymkent_city,161
2022,Shymkent_city,Akmola,161
2022,Shymkent_city,Atyrau,157
2022,East_Kaz,Karaganda,154
2022,Akmola,Abay,153
2022,Aktobe,Kostanay,153
2022,Kostanay,Aktobe,153
2022,Karaganda,East_Kaz,151
2022,Zhetysu,Pavlodar,150
2022,Zhambyl,West_Kaz,144
2022,Ulytau,Kyzylorda,142
2022,West_Kaz,Zhambyl,141
2022,Zhetysu,Karaganda,140
2022,Atyrau,Kyzylorda,137
2022,Aktobe,Zhambyl,136
2022,Zhambyl,Aktobe,136
2022,Zhambyl,Atyrau,134
2022,Zhambyl,Pavlodar,133
2022,Aktobe,Shymkent_city,131
2022,Shymkent_city,Aktobe,131
2022,East_Kaz,Zhambyl,127
2022,Kyzylorda,Karaganda,125
2022,Akmola,Kyzylorda,123
2022,Kyzylorda,Akmola,123
2022,Pavlodar,Kostanay,123
2022,Aktobe,Akmola,119
2022,Shymkent_city,North_Kaz,119
2022,Zhambyl,Kostanay,116
2022,Pavlodar,North_Kaz,116
2022,West_Kaz,Kyzylorda,115
2022,Shymkent_city,Ulytau,114
2022,Zhambyl,North_Kaz,113
2022,Kostanay,Pavlodar,113
2022,Abay,Zhambyl,112
2022,Akmola,East_Kaz,112
2022,Zhambyl,Abay,112
2022,East_Kaz,Akmola,112
2022,Kyzylorda,Atyrau,109
2022,North_Kaz,Kyzylorda,106
2022,Abay,Turkestan,105
2022,Turkestan,Abay,105
2022,Zhetysu,Shymkent_city,103
2022,Mangystau,Karaganda,103
2022,Abay,Shymkent_city,98
2022,Shymkent_city,Abay,98
2022,Shymkent_city,Zhetysu,97
2022,Kyzylorda,Kostanay,94
2022,Mangystau,Zhetysu,94
2022,Kostanay,Zhetysu,93
2022,Akmola,Zhetysu,92
2022,Akmola,Mangystau,92
2022,Zhetysu,Akmola,92
2022,Kostanay,Mangystau,92
2022,Mangystau,Akmola,92
2022,Zhetysu,Mangystau,91
2022,Mangystau,Kostanay,88
2022,Kyzylorda,West_Kaz,87
2022,Kyzylorda,Ulytau,87
2022,Turkestan,East_Kaz,87
2022,North_Kaz,Mangystau,86
2022,Akmola,Ulytau,84
2022,Zhambyl,East_Kaz,84
2022,Karaganda,Mangystau,84
2022,Ulytau,Akmola,84
2022,East_Kaz,Shymkent_city,83
2022,Aktobe,Karaganda,80
2022,Karaganda,Aktobe,80
2022,Zhetysu,Kyzylorda,79
2022,Karaganda,West_Kaz,76
2022,North_Kaz,Pavlodar,75
2022,Abay,Mangystau,74
2022,Almaty,Ulytau,74
2022,Mangystau,Abay,74
2022,Ulytau,Almaty,74
2022,Ulytau,Zhambyl,74
2022,Mangystau,Pavlodar,70
2022,East_Kaz,Kostanay,69
2022,Shymkent_city,East_Kaz,69
2022,Pavlodar,Mangystau,68
2022,East_Kaz,Mangystau,67
2022,Abay,Kyzylorda,66
2022,Kyzylorda,Abay,66
2022,Abay,Atyrau,65
2022,Atyrau,Abay,65
2022,Kyzylorda,North_Kaz,65
2022,Abay,Kostanay,64
2022,Akmola,Aktobe,64
2022,Kostanay,Abay,64
2022,Kyzylorda,Zhetysu,64
2022,North_Kaz,Zhetysu,64
2022,West_Kaz,Kostanay,62
2022,Atyrau,Zhetysu,58
2022,Mangystau,North_Kaz,58
2022,West_Kaz,Karaganda,56
2022,East_Kaz,Kyzylorda,56
2022,Abay,Aktobe,55
2022,West_Kaz,East_Kaz,55
2022,Kostanay,East_Kaz,54
2022,Zhetysu,Atyrau,52
2022,Kostanay,West_Kaz,52
2022,Kyzylorda,Pavlodar,52
2022,Atyrau,Karaganda,50
2022,Zhambyl,Ulytau,50
2022,North_Kaz,East_Kaz,50
2022,East_Kaz,Ulytau,50
2022,Abay,West_Kaz,49
2022,West_Kaz,Abay,49
2022,Karaganda,Atyrau,48
2022,Zhetysu,Kostanay,47
2022,Aktobe,East_Kaz,46
2022,Ulytau,Kostanay,46
2022,East_Kaz,Aktobe,46
2022,Aktobe,Zhetysu,45
2022,Zhetysu,Aktobe,45
2022,Kostanay,Ulytau,45
2022,East_Kaz,West_Kaz,45
2022,Atyrau,Pavlodar,44
2022,Mangystau,East_Kaz,43
2022,Atyrau,Kostanay,42
2022,Zhetysu,North_Kaz,42
2022,Akmola,Atyrau,40
2022,Atyrau,Akmola,40
2022,Pavlodar,Ulytau,40
2022,Abay,North_Kaz,39
2022,North_Kaz,Abay,39
2022,Kostanay,Atyrau,38
2022,Kyzylorda,East_Kaz,38
2022,East_Kaz,North_Kaz,37
2022,West_Kaz,Zhetysu,36
2022,Aktobe,Abay,35
2022,Zhetysu,West_Kaz,35
2022,Akmola,West_Kaz,34
2022,West_Kaz,Akmola,34
2022,West_Kaz,Pavlodar,34
2022,Aktobe,Pavlodar,32
2022,Aktobe,North_Kaz,32
2022,Pavlodar,Aktobe,32
2022,North_Kaz,Aktobe,32
2022,Ulytau,East_Kaz,31
2022,Pavlodar,Atyrau,30
2022,Pavlodar,West_Kaz,30
2022,North_Kaz,Ulytau,28
2022,Atyrau,East_Kaz,27
2022,West_Kaz,North_Kaz,27
2022,Ulytau,Zhetysu,27
2022,North_Kaz,West_Kaz,26
2022,Aktobe,Ulytau,24
2022,Ulytau,Aktobe,24
2022,Abay,Ulytau,22
2022,Atyrau,North_Kaz,22
2022,Ulytau,Abay,22
2022,North_Kaz,Atyrau,21
2022,Ulytau,Pavlodar,21
2022,East_Kaz,Atyrau,21
2022,Ulytau,North_Kaz,20
2022,Zhetysu,Ulytau,18
2022,Atyrau,Ulytau,16
2022,Ulytau,West_Kaz,16
2022,Ulytau,Mangystau,15
2022,Ulytau,Atyrau,14
2022,West_Kaz,Ulytau,13
2022,Mangystau,Ulytau,9
2021,Turkestan,Shymkent_city,26491
2021,Almaty,Almaty_city,24390
2021,Almaty_city,Almaty,17219
2021,Akmola,Astana_city,15131
2021,Shymkent_city,Turkestan,14975
2021,Astana_city,Akmola,9699
2021,Turkestan,Astana_city,6522
2021,Zhambyl,Almaty_city,6472
2021,Zhetysu,Almaty_city,6011
2021,Karaganda,Astana_city,5816
2021,Astana_city,Almaty_city,5687
2021,Turkestan,Almaty_city,4933
2021,Almaty_city,Astana_city,4833
2021,Zhambyl,Astana_city,4413
2021,Pavlodar,Astana_city,4363
2021,Kostanay,Astana_city,4258
2021,Abay,Astana_city,4057
2021,Zhetysu,Almaty,3654
2021,Astana_city,Turkestan,3529
2021,Shymkent_city,Astana_city,3437
2021,Zhambyl,Almaty,3340
2021,North_Kaz,Akmola,2853
2021,Kyzylorda,Astana_city,2842
2021,Turkestan,Almaty,2715
2021,Shymkent_city,Almaty_city,2664
2021,North_Kaz,Astana_city,2649
2021,Astana_city,Shymkent_city,2638
2021,Astana_city,Zhambyl,2431
2021,Almaty_city,Zhambyl,2410
2021,Abay,Almaty_city,2290
2021,East_Kaz,Astana_city,2249
2021,Kyzylorda,Almaty_city,2207
2021,Astana_city,Karaganda,2102
2021,Ulytau,Karaganda,2064
2021,Almaty_city,Zhetysu,2044
2021,Aktobe,Astana_city,1975
2021,Abay,East_Kaz,1846
2021,Almaty_city,Turkestan,1841
2021,Almaty,Astana_city,1647
2021,Astana_city,Pavlodar,1647
2021,Karaganda,Almaty_city,1615
2021,Almaty,Zhambyl,1582
2021,Almaty_city,Shymkent_city,1551
2021,Almaty,Zhetysu,1509
2021,Astana_city,Kostanay,1496
2021,Ulytau,Astana_city,1446
2021,West_Kaz,Astana_city,1443
2021,Abay,Almaty,1435
2021,Atyrau,Aktobe,1414
2021,Turkestan,Zhambyl,1402
2021,Atyrau,Astana_city,1353
2021,Astana_city,Almaty,1293
2021,Astana_city,Abay,1288
2021,Astana_city,Kyzylorda,1288
2021,East_Kaz,Almaty_city,1244
2021,East_Kaz,Abay,1236
2021,Akmola,North_Kaz,1229
2021,Almaty,Turkestan,1148
2021,Astana_city,North_Kaz,1136
2021,Kyzylorda,Almaty,1129
2021,Aktobe,Almaty_city,1119
2021,Atyrau,Almaty_city,1115
2021,Mangystau,Astana_city,1088
2021,Zhetysu,Astana_city,1031
2021,Atyrau,Mangystau,1029
2021,Mangystau,Almaty_city,1015
2021,Turkestan,Mangystau,996
2021,Shymkent_city,Almaty,967
2021,Kyzylorda,Turkestan,951
2021,Zhambyl,Turkestan,926
2021,Zhambyl,Shymkent_city,925
2021,Pavlodar,Almaty_city,893
2021,Kyzylorda,Aktobe,881
2021,Akmola,Kostanay,864
2021,Astana_city,East_Kaz,822
2021,Kostanay,Akmola,814
2021,Almaty,Shymkent_city,805
2021,Karaganda,Ulytau,805
2021,Aktobe,Atyrau,800
2021,West_Kaz,Almaty_city,796
2021,Almaty_city,Abay,785
2021,Almaty_city,Kyzylorda,777
2021,Turkestan,Kyzylorda,764
2021,Karaganda,Akmola,754
2021,Aktobe,Mangystau,751
2021,Akmola,Karaganda,748
2021,Astana_city,Aktobe,745
2021,Astana_city,Mangystau,731
2021,West_Kaz,Atyrau,717
2021,Abay,Pavlodar,711
2021,Shymkent_city,Zhambyl,706
2021,Mangystau,Aktobe,701
2021,Mangystau,Atyrau,688
2021,Atyrau,West_Kaz,676
2021,West_Kaz,Aktobe,669
2021,Kostanay,Almaty_city,665
2021,East_Kaz,Almaty,638
2021,Astana_city,West_Kaz,619
2021,Abay,Zhetysu,609
2021,Akmola,Almaty_city,603
2021,Almaty,Kyzylorda,596
2021,Karaganda,Almaty,593
2021,Kyzylorda,Shymkent_city,592
2021,Turkestan,Pavlodar,589
2021,Zhambyl,Karaganda,586
2021,Aktobe,Kyzylorda,570
2021,Turkestan,Karaganda,565
2021,Astana_city,Atyrau,550
2021,Almaty,Abay,547
2021,Mangystau,Turkestan,545
2021,Almaty_city,East_Kaz,536
2021,Astana_city,Zhetysu,514
2021,Aktobe,West_Kaz,508
2021,Pavlodar,Karaganda,504
2021,Almaty_city,Karaganda,493
2021,Almaty,Mangystau,492
2021,Zhambyl,Mangystau,487
2021,Mangystau,Almaty,485
2021,Pavlodar,Akmola,481
2021,Turkestan,North_Kaz,475
2021,Shymkent_city,Kyzylorda,474
2021,Almaty_city,Mangystau,449
2021,Karaganda,Zhambyl,441
2021,Turkestan,Akmola,441
2021,Almaty_city,Atyrau,436
2021,Astana_city,Ulytau,432
2021,Zhetysu,Abay,430
2021,Mangystau,Shymkent_city,421
2021,Karaganda,Pavlodar,413
2021,Almaty,East_Kaz,412
2021,North_Kaz,Almaty_city,411
2021,Zhambyl,Akmola,402
2021,Kyzylorda,Zhambyl,395
2021,Karaganda,Turkestan,394
2021,West_Kaz,Mangystau,387
2021,Pavlodar,Almaty,385
2021,Pavlodar,Abay,378
2021,Almaty,Karaganda,374
2021,Almaty_city,Aktobe,371
2021,Zhetysu,Pavlodar,363
2021,Kostanay,Karaganda,358
2021,Ulytau,Almaty_city,356
2021,Aktobe,Almaty,354
2021,Shymkent_city,Mangystau,351
2021,Turkestan,West_Kaz,344
2021,Shymkent_city,West_Kaz,343
2021,Atyrau,Almaty,341
2021,Karaganda,Shymkent_city,339
2021,Zhambyl,Kyzylorda,338
2021,North_Kaz,Kostanay,334
2021,Akmola,Almaty,326
2021,Akmola,Pavlodar,325
2021,Almaty_city,Pavlodar,319
2021,Mangystau,West_Kaz,313
2021,Almaty_city,West_Kaz,306
2021,Karaganda,Kostanay,304
2021,Mangystau,Zhambyl,292
2021,Zhetysu,East_Kaz,287
2021,Kostanay,North_Kaz,286
2021,Almaty_city,Kostanay,284
2021,Almaty,Pavlodar,278
2021,Almaty_city,Akmola,277
2021,Abay,Akmola,270
2021,Turkestan,Kostanay,256
2021,Shymkent_city,Pavlodar,248
2021,North_Kaz,Karaganda,241
2021,Turkestan,Atyrau,240
2021,Shymkent_city,Karaganda,238
2021,West_Kaz,Shymkent_city,234
2021,Almaty,Akmola,233
2021,Zhetysu,Zhambyl,232
2021,Abay,Karaganda,225
2021,Kyzylorda,Akmola,223
2021,Pavlodar,Turkestan,223
2021,Akmola,Turkestan,222
2021,Atyrau,Turkestan,221
2021,East_Kaz,Pavlodar,219
2021,Zhambyl,Zhetysu,218
2021,East_Kaz,Zhetysu,215
2021,Kyzylorda,Mangystau,213
2021,West_Kaz,Turkestan,212
2021,Akmola,Zhambyl,211
2021,Almaty_city,North_Kaz,209
2021,Kostanay,Almaty,207
2021,Pavlodar,East_Kaz,206
2021,Almaty,Aktobe,204
2021,North_Kaz,Turkestan,203
2021,Shymkent_city,Kostanay,201
2021,Zhambyl,Kostanay,199
2021,Zhambyl,Pavlodar,196
2021,Zhambyl,North_Kaz,195
2021,Turkestan,Aktobe,193
2021,Kostanay,Turkestan,192
2021,Almaty,Atyrau,191
2021,Karaganda,North_Kaz,191
2021,Turkestan,Zhetysu,190
2021,Almaty,North_Kaz,183
2021,Atyrau,Zhambyl,183
2021,West_Kaz,Almaty,182
2021,Akmola,Shymkent_city,179
2021,Zhambyl,Atyrau,179
2021,Zhetysu,Karaganda,179
2021,Kyzylorda,Karaganda,179
2021,East_Kaz,Akmola,179
2021,Shymkent_city,North_Kaz,179
2021,Aktobe,Turkestan,177
2021,Turkestan,East_Kaz,177
2021,Shymkent_city,Akmola,174
2021,Zhetysu,Turkestan,173
2021,Karaganda,Zhetysu,167
2021,Kostanay,Aktobe,163
2021,Kostanay,Shymkent_city,163
2021,Karaganda,East_Kaz,161
2021,Atyrau,Shymkent_city,159
2021,Karaganda,Abay,159
2021,Pavlodar,Shymkent_city,158
2021,Aktobe,Zhambyl,157
2021,Akmola,Kyzylorda,152
2021,Kyzylorda,Atyrau,152
2021,Ulytau,Turkestan,152
2021,Zhambyl,Aktobe,151
2021,North_Kaz,Almaty,150
2021,Zhambyl,West_Kaz,147
2021,Kostanay,Zhambyl,146
2021,West_Kaz,Zhambyl,145
2021,Turkestan,Ulytau,145
2021,Turkestan,Abay,144
2021,Akmola,East_Kaz,143
2021,Almaty,West_Kaz,143
2021,Almaty,Kostanay,143
2021,Kostanay,Pavlodar,140
2021,North_Kaz,Shymkent_city,137
2021,East_Kaz,Karaganda,137
2021,Mangystau,Kyzylorda,136
2021,Akmola,Abay,134
2021,Pavlodar,Zhetysu,132
2021,Aktobe,Kostanay,129
2021,Zhetysu,Akmola,125
2021,Abay,Zhambyl,122
2021,Atyrau,Kyzylorda,122
2021,Kyzylorda,Pavlodar,122
2021,Abay,Turkestan,119
2021,Zhetysu,Mangystau,119
2021,Aktobe,Akmola,117
2021,Shymkent_city,Aktobe,117
2021,Zhetysu,North_Kaz,116
2021,Pavlodar,Kostanay,116
2021,Ulytau,Akmola,116
2021,Kostanay,Kyzylorda,115
2021,Kyzylorda,West_Kaz,115
2021,Pavlodar,North_Kaz,114
2021,Kyzylorda,Kostanay,113
2021,Zhetysu,Shymkent_city,112
2021,Shymkent_city,Atyrau,110
2021,Aktobe,Shymkent_city,109
2021,Zhambyl,East_Kaz,107
2021,Ulytau,Almaty,106
2021,Karaganda,Kyzylorda,104
2021,North_Kaz,Zhambyl,103
2021,East_Kaz,Zhambyl,102
2021,Zhambyl,Abay,101
2021,North_Kaz,Pavlodar,101
2021,Karaganda,Mangystau,96
2021,Pavlodar,Zhambyl,96
2021,West_Kaz,Kyzylorda,95
2021,Shymkent_city,Zhetysu,94
2021,Almaty_city,Ulytau,93
2021,Akmola,Zhetysu,88
2021,Abay,Mangystau,85
2021,Mangystau,Kostanay,85
2021,Aktobe,Karaganda,84
2021,West_Kaz,Akmola,84
2021,Kyzylorda,North_Kaz,84
2021,Karaganda,Aktobe,83
2021,Kyzylorda,Ulytau,83
2021,East_Kaz,Turkestan,82
2021,Abay,Kyzylorda,81
2021,Abay,Shymkent_city,81
2021,Kyzylorda,Zhetysu,81
2021,Karaganda,West_Kaz,79
2021,Mangystau,East_Kaz,78
2021,Mangystau,Zhetysu,77
2021,Kostanay,Mangystau,75
2021,East_Kaz,Shymkent_city,74
2021,Akmola,Aktobe,71
2021,Zhetysu,Kyzylorda,70
2021,Zhetysu,Kostanay,69
2021,Mangystau,Karaganda,68
2021,Ulytau,Kyzylorda,68
2021,Kostanay,East_Kaz,67
2021,Kyzylorda,Abay,66
2021,Akmola,Ulytau,65
2021,Kostanay,Abay,65
2021,Kostanay,West_Kaz,65
2021,Mangystau,Abay,65
2021,Shymkent_city,Abay,64
2021,Shymkent_city,East_Kaz,64
2021,Akmola,Mangystau,62
2021,North_Kaz,Zhetysu,62
2021,Pavlodar,Kyzylorda,61
2021,Zhetysu,West_Kaz,59
2021,Ulytau,Shymkent_city,59
2021,East_Kaz,Kostanay,58
2021,Mangystau,North_Kaz,57
2021,Ulytau,Zhambyl,57
2021,Aktobe,Pavlodar,56
2021,Almaty,Ulytau,56
2021,Atyrau,Akmola,56
2021,Mangystau,Akmola,56
2021,Aktobe,Zhetysu,54
2021,West_Kaz,East_Kaz,51
2021,Zhetysu,Atyrau,51
2021,Karaganda,Atyrau,51
2021,Ulytau,Kostanay,51
2021,Pavlodar,Mangystau,50
2021,Ulytau,Pavlodar,50
2021,Zhambyl,Ulytau,49
2021,Mangystau,Pavlodar,49
2021,North_Kaz,Mangystau,49
2021,Abay,Kostanay,48
2021,Zhetysu,Aktobe,48
2021,Kyzylorda,East_Kaz,48
2021,Pavlodar,West_Kaz,48
2021,Kostanay,Zhetysu,47
2021,Pavlodar,Aktobe,47
2021,Shymkent_city,Ulytau,47
2021,Atyrau,Karaganda,46
2021,North_Kaz,Kyzylorda,46
2021,Abay,Aktobe,45
2021,Atyrau,Kostanay,45
2021,East_Kaz,West_Kaz,45
2021,East_Kaz,Kyzylorda,45
2021,Akmola,West_Kaz,44
2021,Kostanay,Ulytau,44
2021,West_Kaz,Karaganda,42
2021,Pavlodar,Ulytau,42
2021,West_Kaz,Kostanay,41
2021,North_Kaz,East_Kaz,41
2021,Aktobe,East_Kaz,40
2021,Aktobe,Abay,39
2021,Kostanay,Atyrau,39
2021,Akmola,Atyrau,38
2021,Pavlodar,Atyrau,37
2021,North_Kaz,Abay,37
2021,Atyrau,Zhetysu,36
2021,West_Kaz,Zhetysu,36
2021,West_Kaz,Pavlodar,36
2021,Atyrau,Abay,35
2021,Ulytau,East_Kaz,34
2021,East_Kaz,North_Kaz,34
2021,East_Kaz,Mangystau,32
2021,Abay,Atyrau,31
2021,Ulytau,North_Kaz,30
2021,Abay,North_Kaz,29
2021,Atyrau,Pavlodar,27
2021,North_Kaz,Ulytau,27
2021,East_Kaz,Aktobe,27
2021,North_Kaz,West_Kaz,26
2021,Aktobe,North_Kaz,25
2021,Atyrau,East_Kaz,25
2021,East_Kaz,Atyrau,25
2021,Ulytau,Aktobe,22
2021,West_Kaz,North_Kaz,21
2021,East_Kaz,Ulytau,21
2021,West_Kaz,Abay,20
2021,Abay,West_Kaz,19
2021,Atyrau,North_Kaz,18
2021,Ulytau,Abay,18
2021,Abay,Ulytau,17
2021,North_Kaz,Atyrau,17
2021,North_Kaz,Aktobe,16
2021,Ulytau,Mangystau,16
2021,Zhetysu,Ulytau,13
2021,Ulytau,West_Kaz,13
2021,West_Kaz,Ulytau,12
2021,Mangystau,Ulytau,12
2021,Aktobe,Ulytau,11
2021,Ulytau,Zhetysu,11
2021,Ulytau,Atyrau,8
2021,Atyrau,Ulytau,7
2020,Turkestan,Shymkent_city,29782
2020,Almaty,Almaty_city,29189
2020,Shymkent_city,Turkestan,17964
2020,Almaty_city,Almaty,14563
2020,Akmola,Astana_city,13718
2020,Astana_city,Akmola,8685
2020,Zhambyl,Almaty_city,7951
2020,Zhetysu,Almaty_city,7052
2020,Turkestan,Astana_city,6688
2020,Turkestan,Almaty_city,5825
2020,Astana_city,Almaty_city,5581
2020,Karaganda,Astana_city,5422
2020,Astana_city,Turkestan,4833
2020,Almaty_city,Astana_city,4660
2020,Zhambyl,Astana_city,4547
2020,Zhetysu,Almaty,4349
2020,Pavlodar,Astana_city,4005
2020,Kostanay,Astana_city,3797
2020,Abay,Astana_city,3760
2020,Zhambyl,Almaty,3670
2020,North_Kaz,Akmola,3282
2020,Turkestan,Almaty,3210
2020,Shymkent_city,Astana_city,3199
2020,Astana_city,Shymkent_city,2902
2020,Kyzylorda,Astana_city,2834
2020,Shymkent_city,Almaty_city,2673
2020,Astana_city,Zhambyl,2662
2020,Abay,Almaty_city,2585
2020,North_Kaz,Astana_city,2464
2020,Kyzylorda,Almaty_city,2385
2020,Almaty_city,Zhambyl,2364
2020,Ulytau,Karaganda,2178
2020,East_Kaz,Astana_city,2088
2020,Astana_city,Karaganda,2078
2020,Abay,East_Kaz,2076
2020,Almaty_city,Turkestan,2048
2020,Almaty,Zhetysu,1976
2020,Almaty_city,Zhetysu,1921
2020,Almaty,Zhambyl,1840
2020,Almaty,Turkestan,1771
2020,Astana_city,Pavlodar,1722
2020,Astana_city,Kostanay,1711
2020,Aktobe,Astana_city,1685
2020,Almaty,Astana_city,1685
2020,Abay,Almaty,1655
2020,Akmola,North_Kaz,1647
2020,Turkestan,Zhambyl,1563
2020,Karaganda,Almaty_city,1552
2020,Astana_city,Kyzylorda,1538
2020,East_Kaz,Almaty_city,1408
2020,Astana_city,Abay,1389
2020,Almaty_city,Shymkent_city,1388
2020,West_Kaz,Astana_city,1380
2020,Astana_city,Almaty,1369
2020,Atyrau,Aktobe,1359
2020,East_Kaz,Abay,1333
2020,Kyzylorda,Almaty,1294
2020,Astana_city,North_Kaz,1286
2020,Zhambyl,Turkestan,1274
2020,Kyzylorda,Turkestan,1267
2020,Zhetysu,Astana_city,1243
2020,Turkestan,Mangystau,1227
2020,Kyzylorda,Aktobe,1198
2020,Ulytau,Astana_city,1158
2020,Aktobe,Almaty_city,1110
2020,Zhambyl,Shymkent_city,1097
2020,Karaganda,Ulytau,1079
2020,Mangystau,Astana_city,1077
2020,Atyrau,Astana_city,1070
2020,Akmola,Kostanay,1030
2020,Almaty,Shymkent_city,1002
2020,Shymkent_city,Almaty,1002
2020,Atyrau,Mangystau,1001
2020,Turkestan,Kyzylorda,966
2020,Aktobe,Atyrau,953
2020,Astana_city,Aktobe,948
2020,Kostanay,Akmola,933
2020,Mangystau,Almaty_city,930
2020,Atyrau,Almaty_city,903
2020,West_Kaz,Aktobe,903
2020,Astana_city,East_Kaz,901
2020,Pavlodar,Almaty_city,893
2020,Akmola,Karaganda,880
2020,West_Kaz,Atyrau,880
2020,Atyrau,West_Kaz,872
2020,Abay,Pavlodar,852
2020,Aktobe,Mangystau,832
2020,Astana_city,Mangystau,831
2020,Mangystau,Atyrau,813
2020,East_Kaz,Almaty,799
2020,Karaganda,Akmola,796
2020,Mangystau,Turkestan,763
2020,Almaty_city,Kyzylorda,761
2020,Almaty,Abay,758
2020,Shymkent_city,Zhambyl,754
2020,Kyzylorda,Shymkent_city,749
2020,Almaty,Mangystau,747
2020,Almaty,Kyzylorda,744
2020,Mangystau,Aktobe,742
2020,Almaty_city,Abay,735
2020,Zhambyl,Karaganda,730
2020,Astana_city,West_Kaz,713
2020,Abay,Zhetysu,708
2020,Aktobe,Kyzylorda,708
2020,West_Kaz,Almaty_city,693
2020,Turkestan,Karaganda,671
2020,Aktobe,West_Kaz,648
2020,Astana_city,Atyrau,618
2020,Karaganda,Almaty,616
2020,Kostanay,Almaty_city,611
2020,Turkestan,Pavlodar,581
2020,Akmola,Almaty_city,580
2020,Astana_city,Zhetysu,580
2020,Zhambyl,Mangystau,573
2020,West_Kaz,Mangystau,570
2020,Karaganda,Turkestan,567
2020,Shymkent_city,Kyzylorda,562
2020,Almaty_city,Mangystau,552
2020,Astana_city,Ulytau,526
2020,Zhetysu,Abay,508
2020,Almaty,East_Kaz,507
2020,Almaty_city,East_Kaz,499
2020,Pavlodar,Karaganda,498
2020,Mangystau,Almaty,488
2020,Karaganda,Pavlodar,483
2020,Mangystau,Shymkent_city,483
2020,Turkestan,North_Kaz,475
2020,Akmola,Pavlodar,471
2020,Karaganda,Zhambyl,471
2020,Almaty_city,Karaganda,463
2020,Almaty_city,Aktobe,452
2020,Almaty_city,Atyrau,449
2020,Almaty,Pavlodar,431
2020,Turkestan,Akmola,423
2020,Pavlodar,Akmola,417
2020,Zhetysu,Pavlodar,414
2020,Kyzylorda,Zhambyl,414
2020,Pavlodar,Abay,408
2020,Mangystau,Zhambyl,399
2020,Pavlodar,Almaty,394
2020,Almaty,Karaganda,392
2020,Kostanay,Karaganda,392
2020,North_Kaz,Almaty_city,392
2020,Mangystau,West_Kaz,391
2020,North_Kaz,Kostanay,387
2020,Shymkent_city,Mangystau,385
2020,Kostanay,North_Kaz,384
2020,Akmola,Almaty,371
2020,Zhetysu,Zhambyl,371
2020,Almaty_city,Pavlodar,362
2020,Abay,Akmola,359
2020,Zhambyl,Kyzylorda,357
2020,Zhambyl,Akmola,350
2020,Karaganda,Kostanay,349
2020,Karaganda,Shymkent_city,349
2020,Akmola,Turkestan,345
2020,Aktobe,Almaty,334
2020,Turkestan,Atyrau,326
2020,Ulytau,Almaty_city,326
2020,Atyrau,Turkestan,325
2020,Zhetysu,East_Kaz,319
2020,Zhambyl,Zhetysu,310
2020,Abay,Karaganda,307
2020,Almaty,Akmola,295
2020,Atyrau,Almaty,295
2020,Almaty_city,West_Kaz,294
2020,Almaty_city,Akmola,292
2020,Karaganda,North_Kaz,284
2020,Shymkent_city,Karaganda,284
2020,North_Kaz,Turkestan,283
2020,East_Kaz,Zhetysu,282
2020,Kostanay,Turkestan,281
2020,Kyzylorda,Akmola,279
2020,North_Kaz,Karaganda,276
2020,Turkestan,Kostanay,276
2020,Almaty,Aktobe,251
2020,Almaty,North_Kaz,242
2020,East_Kaz,Pavlodar,242
2020,Pavlodar,Turkestan,240
2020,Almaty_city,Kostanay,237
2020,Akmola,Zhambyl,235
2020,Zhambyl,Kostanay,233
2020,Kyzylorda,Mangystau,232
2020,Almaty,Atyrau,229
2020,East_Kaz,Akmola,227
2020,Turkestan,Aktobe,226
2020,Turkestan,Zhetysu,223
2020,Zhambyl,Pavlodar,219
2020,Zhetysu,Karaganda,217
2020,Zhambyl,North_Kaz,214
2020,Kostanay,Almaty,214
2020,Turkestan,West_Kaz,214
2020,Aktobe,Turkestan,210
2020,Akmola,Abay,206
2020,Akmola,Shymkent_city,206
2020,Zhambyl,Atyrau,205
2020,Karaganda,Zhetysu,204
2020,Mangystau,Kyzylorda,204
2020,West_Kaz,Turkestan,198
2020,North_Kaz,Almaty,198
2020,Shymkent_city,Pavlodar,197
2020,Zhetysu,Turkestan,195
2020,West_Kaz,Almaty,193
2020,Kostanay,Zhambyl,193
2020,Turkestan,Ulytau,192
2020,Atyrau,Shymkent_city,189
2020,Kostanay,Shymkent_city,188
2020,Almaty,Kostanay,187
2020,Turkestan,East_Kaz,187
2020,Abay,Turkestan,186
2020,Almaty_city,North_Kaz,186
2020,Akmola,East_Kaz,180
2020,Shymkent_city,Kostanay,179
2020,Shymkent_city,North_Kaz,179
2020,Karaganda,Abay,177
2020,Kyzylorda,Kostanay,176
2020,Shymkent_city,Akmola,176
2020,Pavlodar,Shymkent_city,175
2020,Zhetysu,Shymkent_city,173
2020,Kyzylorda,Karaganda,173
2020,Zhambyl,Abay,172
2020,Kyzylorda,Atyrau,172
2020,Shymkent_city,Aktobe,172
2020,Zhambyl,East_Kaz,171
2020,Kostanay,Aktobe,170
2020,Pavlodar,Zhetysu,170
2020,Ulytau,Turkestan,170
2020,Aktobe,Shymkent_city,165
2020,West_Kaz,Kyzylorda,165
2020,Abay,Zhambyl,160
2020,Almaty,West_Kaz,160
2020,Shymkent_city,Atyrau,160
2020,Atyrau,Zhambyl,158
2020,East_Kaz,Karaganda,158
2020,Akmola,Kyzylorda,156
2020,Aktobe,Zhambyl,156
2020,Kostanay,Pavlodar,156
2020,West_Kaz,Shymkent_city,155
2020,North_Kaz,Zhambyl,154
2020,Zhetysu,Mangystau,153
2020,Karaganda,East_Kaz,153
2020,Pavlodar,East_Kaz,153
2020,Zhambyl,Aktobe,150
2020,Ulytau,Akmola,150
2020,Zhetysu,Akmola,146
2020,Akmola,Zhetysu,144
2020,Atyrau,Kyzylorda,144
2020,North_Kaz,Shymkent_city,144
2020,Shymkent_city,West_Kaz,143
2020,Pavlodar,Zhambyl,139
2020,North_Kaz,Pavlodar,139
2020,Aktobe,Kostanay,137
2020,Abay,Kyzylorda,136
2020,Karaganda,Aktobe,136
2020,Turkestan,Abay,135
2020,Kyzylorda,Pavlodar,133
2020,Kostanay,East_Kaz,132
2020,Pavlodar,Kostanay,132
2020,Ulytau,Almaty,131
2020,Karaganda,Mangystau,126
2020,Aktobe,Karaganda,124
2020,Pavlodar,North_Kaz,123
2020,Abay,Mangystau,122
2020,Kostanay,Kyzylorda,120
2020,Kyzylorda,West_Kaz,119
2020,Zhetysu,North_Kaz,118
2020,Shymkent_city,Zhetysu,118
2020,Mangystau,Karaganda,116
2020,Kostanay,Zhetysu,115
2020,East_Kaz,Zhambyl,112
2020,Kyzylorda,Ulytau,110
2020,Zhetysu,Kyzylorda,107
2020,Akmola,Aktobe,104
2020,Kostanay,Mangystau,104
2020,Akmola,Ulytau,103
2020,Almaty_city,Ulytau,103
2020,Aktobe,Akmola,102
2020,Zhambyl,West_Kaz,102
2020,Karaganda,Kyzylorda,102
2020,Pavlodar,Kyzylorda,102
2020,Mangystau,Zhetysu,100
2020,East_Kaz,Turkestan,97
2020,West_Kaz,Zhambyl,96
2020,Zhetysu,Atyrau,94
2020,Akmola,Mangystau,92
2020,West_Kaz,Akmola,91
2020,Mangystau,Kostanay,90
2020,Zhetysu,Aktobe,89
2020,Ulytau,Kyzylorda,88
2020,Mangystau,Akmola,85
2020,Kyzylorda,Zhetysu,84
2020,North_Kaz,Kyzylorda,83
2020,Ulytau,Shymkent_city,83
2020,Abay,Shymkent_city,82
2020,Zhetysu,Kostanay,81
2020,Almaty,Ulytau,79
2020,Kyzylorda,North_Kaz,76
2020,Kostanay,Abay,75
2020,Kostanay,West_Kaz,73
2020,Ulytau,Pavlodar,73
2020,East_Kaz,Kostanay,73
2020,Abay,Kostanay,71
2020,Mangystau,East_Kaz,71
2020,East_Kaz,Mangystau,71
2020,Atyrau,Akmola,70
2020,Ulytau,Kostanay,70
2020,East_Kaz,Shymkent_city,70
2020,Shymkent_city,Abay,70
2020,Abay,Atyrau,68
2020,Zhambyl,Ulytau,68
2020,Shymkent_city,East_Kaz,66
2020,Karaganda,Atyrau,65
2020,Atyrau,Zhetysu,63
2020,Kostanay,Atyrau,63
2020,Mangystau,Abay,62
2020,Aktobe,Zhetysu,61
2020,Kyzylorda,Abay,61
2020,Mangystau,North_Kaz,61
2020,West_Kaz,Karaganda,60
2020,Karaganda,West_Kaz,60
2020,Pavlodar,Mangystau,60
2020,Kyzylorda,East_Kaz,59
2020,Akmola,West_Kaz,57
2020,North_Kaz,East_Kaz,57
2020,Shymkent_city,Ulytau,57
2020,East_Kaz,North_Kaz,56
2020,Atyrau,Karaganda,52
2020,Ulytau,Zhambyl,51
2020,Akmola,Atyrau,50
2020,North_Kaz,Zhetysu,50
2020,Abay,Aktobe,49
2020,Atyrau,Kostanay,48
2020,Mangystau,Pavlodar,48
2020,West_Kaz,Kostanay,47
2020,North_Kaz,Mangystau,47
2020,Aktobe,Abay,46
2020,Atyrau,Abay,45
2020,West_Kaz,Zhetysu,45
2020,Kostanay,Ulytau,45
2020,Pavlodar,Atyrau,45
2020,East_Kaz,Kyzylorda,45
2020,Abay,North_Kaz,44
2020,Pavlodar,West_Kaz,44
2020,Aktobe,Pavlodar,43
2020,Abay,West_Kaz,42
2020,Atyrau,East_Kaz,42
2020,Pavlodar,Aktobe,42
2020,North_Kaz,Abay,42
2020,East_Kaz,West_Kaz,42
2020,Ulytau,East_Kaz,41
2020,Atyrau,Pavlodar,37
2020,North_Kaz,Aktobe,37
2020,Ulytau,North_Kaz,37
2020,Ulytau,Zhetysu,34
2020,Zhetysu,West_Kaz,33
2020,Aktobe,East_Kaz,30
2020,West_Kaz,Pavlodar,30
2020,Ulytau,Abay,30
2020,Pavlodar,Ulytau,29
2020,West_Kaz,North_Kaz,28
2020,West_Kaz,Abay,26
2020,East_Kaz,Atyrau,26
2020,West_Kaz,East_Kaz,23
2020,North_Kaz,Atyrau,23
2020,Ulytau,Aktobe,22
2020,East_Kaz,Aktobe,22
2020,North_Kaz,West_Kaz,21
2020,Aktobe,North_Kaz,20
2020,Aktobe,Ulytau,19
2020,Mangystau,Ulytau,19
2020,Atyrau,Ulytau,16
2020,Zhetysu,Ulytau,16
2020,North_Kaz,Ulytau,16
2020,Ulytau,Atyrau,15
2020,Ulytau,West_Kaz,15
2020,Abay,Ulytau,13
2020,Ulytau,Mangystau,13
2020,East_Kaz,Ulytau,13
2020,Atyrau,North_Kaz,7
2020,West_Kaz,Ulytau,6
2015,Almaty,Almaty_city,20274
2015,Turkestan,Shymkent_city,15153
2015,Almaty_city,Almaty,8510
2015,Zhetysu,Almaty_city,7308
2015,Zhambyl,Almaty_city,6937
2015,Turkestan,Almaty_city,6051
2015,Astana_city,Akmola,4948
2015,Shymkent_city,Turkestan,3888
2015,Akmola,Astana_city,3674
2015,Astana_city,Almaty_city,3489
2015,North_Kaz,Akmola,3295
2015,Shymkent_city,Almaty_city,3156
2015,Abay,East_Kaz,2875
2015,Zhambyl,Almaty,2857
2015,Kyzylorda,Almaty_city,2763
2015,Abay,Almaty_city,2516
2015,Zhetysu,Almaty,2491
2015,Almaty_city,Astana_city,2217
2015,Turkestan,Almaty,2171
2015,Almaty_city,Zhetysu,1987
2015,Ulytau,Karaganda,1919
2015,East_Kaz,Abay,1811
2015,Almaty,Zhetysu,1707
2015,Turkestan,Astana_city,1685
2015,Karaganda,Astana_city,1665
2015,Astana_city,Karaganda,1608
2015,Astana_city,Kostanay,1545
2015,Zhambyl,Astana_city,1508
2015,Astana_city,Turkestan,1500
2015,Astana_city,Zhambyl,1487
2015,Turkestan,Mangystau,1479
2015,Akmola,North_Kaz,1442
2015,Almaty_city,Zhambyl,1428
2015,Astana_city,Shymkent_city,1368
2015,Turkestan,Zhambyl,1359
2015,East_Kaz,Almaty_city,1318
2015,Shymkent_city,Astana_city,1309
2015,Mangystau,Almaty_city,1296
2015,Karaganda,Almaty_city,1238
2015,Abay,Astana_city,1210
2015,Atyrau,Almaty_city,1210
2015,Abay,Almaty,1205
2015,Aktobe,Almaty_city,1196
2015,Kostanay,Astana_city,1179
2015,Pavlodar,Astana_city,1171
2015,Astana_city,Pavlodar,1134
2015,Astana_city,North_Kaz,1075
2015,Astana_city,Abay,1018
2015,Almaty,Zhambyl,1007
2015,Astana_city,Kyzylorda,986
2015,Turkestan,Kyzylorda,981
2015,Almaty_city,Turkestan,979
2015,Kyzylorda,Almaty,968
2015,Atyrau,West_Kaz,938
2015,Kyzylorda,Astana_city,931
2015,North_Kaz,Astana_city,926
2015,Akmola,Kostanay,916
2015,Kyzylorda,Aktobe,909
2015,Abay,Pavlodar,904
2015,Karaganda,Ulytau,898
2015,West_Kaz,Atyrau,892
2015,Abay,Zhetysu,889
2015,West_Kaz,Almaty_city,886
2015,Turkestan,Karaganda,858
2015,Kostanay,Akmola,856
2015,Almaty_city,Shymkent_city,844
2015,Almaty_city,Kyzylorda,837
2015,Aktobe,West_Kaz,835
2015,Aktobe,Mangystau,822
2015,Zhetysu,Abay,816
2015,Zhambyl,Turkestan,814
2015,Akmola,Karaganda,788
2015,Zhambyl,Shymkent_city,784
2015,Aktobe,Atyrau,777
2015,Mangystau,West_Kaz,773
2015,Pavlodar,Almaty_city,769
2015,Karaganda,Akmola,731
2015,Zhambyl,Karaganda,726
2015,East_Kaz,Astana_city,726
2015,Mangystau,Atyrau,713
2015,Kostanay,Almaty_city,708
2015,Astana_city,East_Kaz,681
2015,Akmola,Almaty_city,667
2015,Shymkent_city,Zhambyl,656
2015,Atyrau,Aktobe,654
2015,Aktobe,Astana_city,652
2015,Zhambyl,Mangystau,640
2015,Astana_city,Almaty,639
2015,Aktobe,Kyzylorda,638
2015,Shymkent_city,Almaty,626
2015,West_Kaz,Aktobe,611
2015,Almaty_city,Abay,598
2015,Atyrau,Mangystau,596
2015,Karaganda,Kostanay,593
2015,Almaty,Abay,589
2015,Karaganda,Pavlodar,568
2015,Kostanay,Karaganda,565
2015,Pavlodar,Abay,565
2015,Pavlodar,Karaganda,562
2015,Astana_city,Zhetysu,560
2015,Kyzylorda,Shymkent_city,551
2015,Mangystau,Aktobe,551
2015,East_Kaz,Almaty,530
2015,West_Kaz,Mangystau,527
2015,Karaganda,Zhambyl,513
2015,Shymkent_city,Kyzylorda,511
2015,Zhambyl,Zhetysu,509
2015,Zhambyl,Kyzylorda,507
2015,Almaty,Turkestan,494
2015,Zhetysu,Astana_city,474
2015,Kyzylorda,Turkestan,471
2015,Almaty_city,Karaganda,458
2015,North_Kaz,Kostanay,457
2015,North_Kaz,Karaganda,456
2015,Turkestan,Zhetysu,456
2015,Almaty_city,East_Kaz,450
2015,Almaty,Astana_city,443
2015,West_Kaz,Astana_city,440
2015,Akmola,Pavlodar,438
2015,Kyzylorda,Zhambyl,436
2015,Zhetysu,East_Kaz,435
2015,Mangystau,Astana_city,429
2015,Almaty,Mangystau,427
2015,Karaganda,North_Kaz,419
2015,Astana_city,Aktobe,419
2015,Shymkent_city,Mangystau,419
2015,Pavlodar,Akmola,415
2015,North_Kaz,Almaty_city,412
2015,Turkestan,Kostanay,400
2015,Karaganda,Turkestan,393
2015,Almaty,East_Kaz,389
2015,Abay,Karaganda,386
2015,Almaty,Kyzylorda,383
2015,Almaty,Shymkent_city,381
2015,Ulytau,Astana_city,380
2015,Astana_city,Atyrau,372
2015,Kyzylorda,Akmola,371
2015,Karaganda,Almaty,365
2015,Kyzylorda,West_Kaz,364
2015,Zhetysu,Karaganda,360
2015,East_Kaz,Zhetysu,357
2015,Almaty_city,Atyrau,357
2015,Almaty_city,Mangystau,356
2015,Mangystau,Almaty,354
2015,Mangystau,Turkestan,349
2015,Turkestan,Akmola,344
2015,Almaty,Karaganda,343
2015,Zhambyl,Akmola,343
2015,Turkestan,North_Kaz,343
2015,Zhetysu,Zhambyl,342
2015,Astana_city,Mangystau,332
2015,Astana_city,Ulytau,325
2015,Almaty_city,Pavlodar,325
2015,Atyrau,Astana_city,324
2015,Mangystau,Zhambyl,321
2015,Astana_city,West_Kaz,320
2015,Karaganda,Zhetysu,315
2015,Karaganda,Shymkent_city,309
2015,Mangystau,Shymkent_city,307
2015,Ulytau,Almaty_city,305
2015,Turkestan,Atyrau,302
2015,Kostanay,North_Kaz,294
2015,Zhambyl,Kostanay,292
2015,Shymkent_city,Karaganda,284
2015,Almaty_city,Kostanay,282
2015,Turkestan,West_Kaz,276
2015,Abay,Akmola,273
2015,Karaganda,Abay,273
2015,Almaty_city,Akmola,263
2015,Karaganda,East_Kaz,258
2015,Turkestan,Pavlodar,252
2015,East_Kaz,Pavlodar,250
2015,East_Kaz,Karaganda,243
2015,Aktobe,Kostanay,242
2015,Turkestan,Aktobe,236
2015,Abay,Zhambyl,222
2015,Almaty_city,Aktobe,221
2015,Aktobe,Almaty,209
2015,Kyzylorda,Mangystau,207
2015,Almaty_city,North_Kaz,206
2015,Zhambyl,Atyrau,205
2015,Zhetysu,Akmola,203
2015,Pavlodar,Kostanay,203
2015,Kyzylorda,Karaganda,196
2015,Zhetysu,Kostanay,195
2015,Zhetysu,Mangystau,195
2015,Kyzylorda,Zhetysu,195
2015,Zhambyl,Abay,194
2015,Kyzylorda,Kostanay,192
2015,North_Kaz,Pavlodar,191
2015,Turkestan,East_Kaz,190
2015,Almaty,Kostanay,187
2015,Kyzylorda,Abay,183
2015,Almaty,Pavlodar,182
2015,Turkestan,Abay,182
2015,Zhambyl,Aktobe,181
2015,Pavlodar,Almaty,181
2015,Zhetysu,Pavlodar,180
2015,Mangystau,Kyzylorda,179
2015,Kostanay,Pavlodar,178
2015,Pavlodar,North_Kaz,177
2015,Shymkent_city,Akmola,177
2015,Kyzylorda,Atyrau,176
2015,East_Kaz,Akmola,175
2015,Almaty_city,West_Kaz,173
2015,Pavlodar,East_Kaz,172
2015,Karaganda,Kyzylorda,171
2015,Shymkent_city,Atyrau,171
2015,Turkestan,Ulytau,163
2015,Zhambyl,Pavlodar,158
2015,Zhambyl,North_Kaz,158
2015,Zhetysu,Turkestan,158
2015,Almaty,Akmola,157
2015,West_Kaz,Almaty,157
2015,Akmola,Almaty,156
2015,Mangystau,Zhetysu,154
2015,Kostanay,Almaty,152
2015,Kostanay,Zhambyl,151
2015,Shymkent_city,Zhetysu,149
2015,Shymkent_city,Kostanay,149
2015,Almaty,West_Kaz,148
2015,Kostanay,Zhetysu,148
2015,Ulytau,Akmola,147
2015,Kyzylorda,North_Kaz,145
2015,Akmola,Shymkent_city,144
2015,Akmola,Zhambyl,142
2015,Atyrau,Almaty,142
2015,Almaty,Aktobe,138
2015,Zhambyl,East_Kaz,134
2015,Zhetysu,Shymkent_city,134
2015,Akmola,East_Kaz,133
2015,Akmola,Abay,129
2015,Pavlodar,Zhetysu,128
2015,Akmola,Kyzylorda,127
2015,Zhetysu,Kyzylorda,127
2015,Almaty,North_Kaz,126
2015,Almaty,Atyrau,125
2015,Shymkent_city,Aktobe,123
2015,Kostanay,Mangystau,122
2015,Akmola,Zhetysu,121
2015,Abay,Kyzylorda,120
2015,Akmola,Turkestan,120
2015,Karaganda,Atyrau,120
2015,Aktobe,Akmola,119
2015,Karaganda,Mangystau,119
2015,Shymkent_city,North_Kaz,119
2015,Atyrau,Shymkent_city,118
2015,Shymkent_city,Pavlodar,117
2015,West_Kaz,Kyzylorda,115
2015,Zhambyl,West_Kaz,115
2015,East_Kaz,Kostanay,114
2015,Mangystau,Karaganda,113
2015,Mangystau,Kostanay,113
2015,Atyrau,Kyzylorda,112
2015,Akmola,Mangystau,108
2015,Pavlodar,Zhambyl,108
2015,North_Kaz,Almaty,107
2015,Kostanay,Shymkent_city,106
2015,Aktobe,Turkestan,104
2015,Aktobe,Zhambyl,103
2015,Abay,Mangystau,101
2015,Zhetysu,Aktobe,100
2015,Shymkent_city,East_Kaz,99
2015,Abay,Kostanay,98
2015,Zhetysu,North_Kaz,98
2015,East_Kaz,Zhambyl,98
2015,Atyrau,Zhambyl,97
2015,Kostanay,Kyzylorda,97
2015,Aktobe,Zhetysu,96
2015,Zhetysu,Atyrau,96
2015,Ulytau,Turkestan,94
2015,Shymkent_city,West_Kaz,94
2015,Atyrau,Turkestan,93
2015,Almaty_city,Ulytau,93
2015,Kostanay,Aktobe,92
2015,East_Kaz,North_Kaz,89
2015,Kostanay,Turkestan,88
2015,North_Kaz,Zhetysu,88
2015,Kostanay,East_Kaz,87
2015,Karaganda,Aktobe,85
2015,North_Kaz,Zhambyl,85
2015,Aktobe,Karaganda,84
2015,Kyzylorda,Ulytau,84
2015,Kyzylorda,Pavlodar,82
2015,Kyzylorda,East_Kaz,81
2015,Aktobe,Shymkent_city,80
2015,Ulytau,Kyzylorda,79
2015,Shymkent_city,Abay,79
2015,Abay,Atyrau,77
2015,Abay,Turkestan,77
2015,Mangystau,Abay,77
2015,West_Kaz,Akmola,75
2015,East_Kaz,Shymkent_city,74
2015,Karaganda,West_Kaz,72
2015,Kostanay,Abay,71
2015,North_Kaz,Shymkent_city,71
2015,Abay,Shymkent_city,70
2015,Ulytau,Almaty,70
2015,West_Kaz,Karaganda,69
2015,West_Kaz,Shymkent_city,69
2015,Kostanay,Ulytau,67
2015,Abay,North_Kaz,66
2015,Akmola,Ulytau,66
2015,Atyrau,Karaganda,66
2015,Pavlodar,Shymkent_city,66
2015,Mangystau,East_Kaz,65
2015,North_Kaz,East_Kaz,65
2015,Abay,Aktobe,64
2015,Zhetysu,West_Kaz,63
2015,Pavlodar,Turkestan,63
2015,Ulytau,Kostanay,63
2015,North_Kaz,Abay,62
2015,West_Kaz,Kostanay,61
2015,Pavlodar,Mangystau,61
2015,East_Kaz,Turkestan,61
2015,West_Kaz,Zhambyl,59
2015,North_Kaz,Turkestan,58
2015,Akmola,Aktobe,56
2015,Atyrau,Kostanay,56
2015,West_Kaz,Turkestan,56
2015,Kostanay,Atyrau,56
2015,Mangystau,Akmola,55
2015,Ulytau,Pavlodar,55
2015,East_Kaz,Mangystau,55
2015,Atyrau,Zhetysu,54
2015,Ulytau,Shymkent_city,54
2015,West_Kaz,Zhetysu,53
2015,Zhambyl,Ulytau,53
2015,Mangystau,North_Kaz,53
2015,Almaty,Ulytau,51
2015,West_Kaz,Pavlodar,51
2015,Aktobe,Abay,50
2015,Pavlodar,Aktobe,49
2015,Atyrau,Abay,48
2015,Ulytau,East_Kaz,48
2015,Kostanay,West_Kaz,47
2015,Akmola,Atyrau,46
2015,Akmola,West_Kaz,45
2015,North_Kaz,Mangystau,44
2015,Aktobe,Pavlodar,43
2015,Pavlodar,Ulytau,42
2015,East_Kaz,Kyzylorda,42
2015,Ulytau,Zhambyl,38
2015,Atyrau,East_Kaz,37
2015,West_Kaz,Abay,37
2015,East_Kaz,Atyrau,37
2015,Abay,Ulytau,36
2015,Pavlodar,Kyzylorda,36
2015,Shymkent_city,Ulytau,36
2015,Aktobe,North_Kaz,32
2015,North_Kaz,Atyrau,32
2015,Aktobe,East_Kaz,31
2015,Atyrau,Akmola,30
2015,Pavlodar,West_Kaz,30
2015,East_Kaz,West_Kaz,30
2015,North_Kaz,Ulytau,29
2015,Abay,West_Kaz,28
2015,West_Kaz,North_Kaz,28
2015,Mangystau,Pavlodar,28
2015,North_Kaz,West_Kaz,28
2015,West_Kaz,East_Kaz,27
2015,North_Kaz,Aktobe,26
2015,Ulytau,Zhetysu,26
2015,Zhetysu,Ulytau,25
2015,Ulytau,North_Kaz,25
2015,Atyrau,Pavlodar,24
2015,North_Kaz,Kyzylorda,23
2015,East_Kaz,Aktobe,23
2015,Pavlodar,Atyrau,20
2015,Ulytau,Aktobe,20
2015,East_Kaz,Ulytau,18
2015,Ulytau,Atyrau,17
2015,Aktobe,Ulytau,14
2015,Atyrau,North_Kaz,13
2015,Ulytau,Abay,13
2015,Ulytau,Mangystau,11
2015,Atyrau,Ulytau,10
2015,Ulytau,West_Kaz,7
2015,Mangystau,Ulytau,6
2015,West_Kaz,Ulytau,2
2010,Almaty,Almaty_city,9467
2010,Akmola,Astana_city,9435
2010,Almaty_city,Almaty,8074
2010,Turkestan,Shymkent_city,7188
2010,Almaty_city,Astana_city,4787
2010,Turkestan,Almaty_city,4515
2010,Zhambyl,Almaty_city,4454
2010,Zhetysu,Almaty_city,3935
2010,Kostanay,Astana_city,3304
2010,Zhambyl,Astana_city,3186
2010,Shymkent_city,Turkestan,3134
2010,Shymkent_city,Astana_city,2998
2010,Turkestan,Astana_city,2859
2010,Karaganda,Astana_city,2818
2010,Astana_city,Akmola,2390
2010,North_Kaz,Akmola,2368
2010,Kyzylorda,Aktobe,2214
2010,Almaty_city,Zhetysu,2064
2010,Abay,Astana_city,2049
2010,Zhambyl,Almaty,2010
2010,North_Kaz,Astana_city,1990
2010,Almaty_city,Turkestan,1972
2010,Kyzylorda,Almaty_city,1932
2010,Abay,Almaty_city,1929
2010,Shymkent_city,Almaty_city,1886
2010,Pavlodar,Astana_city,1838
2010,Zhetysu,Almaty,1798
2010,Abay,East_Kaz,1711
2010,Kyzylorda,Astana_city,1678
2010,Almaty_city,Zhambyl,1659
2010,Turkestan,Almaty,1641
2010,Atyrau,Aktobe,1633
2010,East_Kaz,Astana_city,1582
2010,Ulytau,Karaganda,1470
2010,Astana_city,Almaty_city,1423
2010,Turkestan,Mangystau,1415
2010,Mangystau,Aktobe,1340
2010,West_Kaz,Aktobe,1291
2010,Almaty_city,Kyzylorda,1288
2010,Almaty_city,Abay,1235
2010,East_Kaz,Abay,1202
2010,Abay,Almaty,1198
2010,Akmola,North_Kaz,1126
2010,Aktobe,Astana_city,1092
2010,Almaty,Zhetysu,1057
2010,East_Kaz,Almaty_city,981
2010,Aktobe,Mangystau,960
2010,Turkestan,Zhambyl,884
2010,Turkestan,Kyzylorda,882
2010,Zhambyl,Turkestan,876
2010,Abay,Zhetysu,845
2010,Kyzylorda,Almaty,835
2010,Atyrau,Mangystau,816
2010,Karaganda,Almaty_city,790
2010,Akmola,Karaganda,769
2010,Kyzylorda,Turkestan,769
2010,Astana_city,Karaganda,748
2010,Astana_city,Kostanay,748
2010,Turkestan,Karaganda,743
2010,Zhetysu,Astana_city,740
2010,Kostanay,Akmola,733
2010,Aktobe,Almaty_city,730
2010,West_Kaz,Astana_city,728
2010,Karaganda,Ulytau,710
2010,Almaty_city,Mangystau,675
2010,Astana_city,Turkestan,656
2010,Abay,Pavlodar,648
2010,Akmola,Kostanay,648
2010,Zhambyl,Karaganda,633
2010,Ulytau,Astana_city,633
2010,Mangystau,Almaty_city,627
2010,Almaty_city,Shymkent_city,611
2010,Atyrau,Almaty_city,597
2010,Karaganda,Akmola,595
2010,Aktobe,Atyrau,589
2010,Almaty_city,East_Kaz,585
2010,Pavlodar,Almaty_city,578
2010,West_Kaz,Almaty_city,567
2010,Aktobe,Kyzylorda,564
2010,Almaty,Astana_city,562
2010,Zhambyl,Mangystau,556
2010,East_Kaz,Almaty,539
2010,Kostanay,Karaganda,534
2010,Almaty_city,Karaganda,525
2010,Astana_city,Zhambyl,520
2010,Mangystau,Atyrau,514
2010,Pavlodar,Karaganda,502
2010,West_Kaz,Atyrau,496
2010,Astana_city,North_Kaz,492
2010,Almaty,Zhambyl,491
2010,Mangystau,Astana_city,469
2010,Astana_city,Kyzylorda,469
2010,Almaty,Mangystau,457
2010,Astana_city,Pavlodar,448
2010,North_Kaz,Karaganda,446
2010,Almaty_city,Atyrau,443
2010,Kostanay,Almaty_city,421
2010,West_Kaz,Mangystau,417
2010,Atyrau,West_Kaz,411
2010,Almaty,Kyzylorda,410
2010,Akmola,Almaty_city,406
2010,Shymkent_city,Almaty,403
2010,Astana_city,Abay,396
2010,Aktobe,West_Kaz,385
2010,Karaganda,Pavlodar,380
2010,North_Kaz,Almaty_city,375
2010,Karaganda,Almaty,366
2010,East_Kaz,Zhetysu,364
2010,Almaty_city,Akmola,364
2010,Pavlodar,Abay,360
2010,Zhambyl,Kyzylorda,358
2010,Atyrau,Astana_city,357
2010,Abay,Karaganda,354
2010,Shymkent_city,Zhambyl,353
2010,Aktobe,Almaty,350
2010,North_Kaz,Kostanay,338
2010,Akmola,Pavlodar,333
2010,Almaty_city,Aktobe,331
2010,Astana_city,Almaty,330
2010,Zhambyl,Shymkent_city,327
2010,Shymkent_city,Kyzylorda,322
2010,Almaty_city,West_Kaz,321
2010,Pavlodar,Akmola,314
2010,Zhambyl,Zhetysu,310
2010,Turkestan,Aktobe,301
2010,Kyzylorda,Zhambyl,296
2010,Atyrau,Almaty,293
2010,Almaty_city,Pavlodar,293
2010,Karaganda,Zhambyl,290
2010,Kyzylorda,Shymkent_city,288
2010,Astana_city,Shymkent_city,286
2010,Zhetysu,Karaganda,279
2010,Karaganda,Kostanay,278
2010,Ulytau,Almaty_city,277
2010,Mangystau,Almaty,274
2010,Ulytau,Turkestan,271
2010,Almaty,Karaganda,268
2010,Almaty,East_Kaz,268
2010,Mangystau,Turkestan,267
2010,Kyzylorda,Mangystau,261
2010,Almaty_city,Kostanay,261
2010,Shymkent_city,Mangystau,260
2010,Karaganda,North_Kaz,254
2010,Zhetysu,Abay,249
2010,Almaty,Turkestan,245
2010,Karaganda,Abay,235
2010,Zhetysu,East_Kaz,234
2010,Mangystau,West_Kaz,234
2010,Almaty,Abay,233
2010,Zhambyl,Akmola,233
2010,Astana_city,East_Kaz,227
2010,Almaty_city,North_Kaz,225
2010,Zhambyl,Aktobe,224
2010,Shymkent_city,Karaganda,224
2010,Karaganda,Zhetysu,223
2010,Pavlodar,Almaty,223
2010,Kostanay,Almaty,214
2010,Turkestan,Akmola,214
2010,East_Kaz,Karaganda,211
2010,Kostanay,North_Kaz,209
2010,Kyzylorda,Karaganda,207
2010,Astana_city,Zhetysu,205
2010,Akmola,Almaty,204
2010,Turkestan,Ulytau,185
2010,Turkestan,Zhetysu,184
2010,Turkestan,Atyrau,181
2010,West_Kaz,Almaty,180
2010,Astana_city,Mangystau,176
2010,Aktobe,Turkestan,175
2010,Almaty,Shymkent_city,171
2010,Akmola,Turkestan,170
2010,Mangystau,Zhambyl,170
2010,Turkestan,North_Kaz,168
2010,Astana_city,Ulytau,167
2010,Abay,Akmola,161
2010,Pavlodar,East_Kaz,161
2010,East_Kaz,Pavlodar,158
2010,Karaganda,East_Kaz,157
2010,Aktobe,Kostanay,156
2010,Pavlodar,Turkestan,156
2010,Almaty,Akmola,153
2010,Zhambyl,Atyrau,151
2010,Pavlodar,North_Kaz,150
2010,Turkestan,Kostanay,149
2010,Kostanay,Aktobe,148
2010,Turkestan,West_Kaz,147
2010,Almaty_city,Ulytau,147
2010,Astana_city,West_Kaz,146
2010,Zhetysu,Akmola,143
2010,Karaganda,Turkestan,136
2010,Pavlodar,Kostanay,136
2010,Atyrau,Turkestan,135
2010,North_Kaz,Almaty,135
2010,East_Kaz,Akmola,134
2010,Zhetysu,Shymkent_city,132
2010,Zhetysu,Mangystau,125
2010,North_Kaz,Pavlodar,123
2010,Zhambyl,Kostanay,122
2010,Zhetysu,Zhambyl,121
2010,Turkestan,Pavlodar,121
2010,Karaganda,Kyzylorda,120
2010,Mangystau,Kyzylorda,119
2010,Zhetysu,Kyzylorda,118
2010,Kostanay,Pavlodar,116
2010,Zhetysu,Aktobe,114
2010,Zhambyl,Abay,112
2010,Kyzylorda,Zhetysu,112
2010,Almaty,Atyrau,111
2010,Abay,Mangystau,110
2010,Almaty,West_Kaz,109
2010,Kyzylorda,Akmola,106
2010,Ulytau,Almaty,106
2010,Zhambyl,East_Kaz,103
2010,Kostanay,Turkestan,102
2010,Turkestan,Abay,102
2010,Akmola,Zhetysu,101
2010,Karaganda,Mangystau,98
2010,Pavlodar,Zhetysu,98
2010,Ulytau,Shymkent_city,98
2010,Kostanay,Mangystau,97
2010,Turkestan,East_Kaz,97
2010,Zhetysu,Turkestan,94
2010,Atyrau,Zhambyl,93
2010,West_Kaz,Turkestan,93
2010,Almaty,Kostanay,91
2010,Aktobe,Karaganda,90
2010,Atyrau,Kyzylorda,90
2010,Zhetysu,Kostanay,90
2010,Pavlodar,Zhambyl,89
2010,Kostanay,Kyzylorda,88
2010,Astana_city,Aktobe,88
2010,West_Kaz,Kyzylorda,87
2010,Akmola,Zhambyl,86
2010,West_Kaz,Karaganda,85
2010,Kostanay,Zhambyl,84
2010,Ulytau,Kyzylorda,84
2010,Zhambyl,North_Kaz,83
2010,Almaty,Pavlodar,82
2010,North_Kaz,Turkestan,82
2010,Akmola,Mangystau,79
2010,Kyzylorda,Atyrau,79
2010,Mangystau,Shymkent_city,78
2010,Almaty,Aktobe,77
2010,Karaganda,West_Kaz,77
2010,Ulytau,Akmola,76
2010,Shymkent_city,Aktobe,76
2010,Akmola,Abay,75
2010,Kyzylorda,Abay,75
2010,East_Kaz,Mangystau,75
2010,Akmola,East_Kaz,74
2010,Kostanay,Zhetysu,74
2010,Shymkent_city,Akmola,74
2010,Shymkent_city,Zhetysu,74
2010,Kyzylorda,Ulytau,73
2010,Almaty,North_Kaz,72
2010,Shymkent_city,Atyrau,70
2010,Abay,Kostanay,68
2010,Abay,Kyzylorda,68
2010,Kyzylorda,West_Kaz,68
2010,Abay,Zhambyl,67
2010,Zhambyl,Ulytau,66
2010,Akmola,Shymkent_city,65
2010,Aktobe,Zhambyl,63
2010,Astana_city,Atyrau,63
2010,Zhetysu,Pavlodar,62
2010,Kostanay,Ulytau,62
2010,Abay,Atyrau,61
2010,Akmola,Kyzylorda,61
2010,Aktobe,Zhetysu,61
2010,Kostanay,Shymkent_city,61
2010,Karaganda,Atyrau,60
2010,Ulytau,East_Kaz,60
2010,Shymkent_city,West_Kaz,60
2010,Shymkent_city,North_Kaz,60
2010,Aktobe,Akmola,58
2010,Kyzylorda,Kostanay,58
2010,Ulytau,Kostanay,57
2010,Zhambyl,Pavlodar,56
2010,East_Kaz,Kostanay,56
2010,East_Kaz,Turkestan,56
2010,Mangystau,Karaganda,55
2010,Pavlodar,Shymkent_city,54
2010,Shymkent_city,Pavlodar,54
2010,Abay,Turkestan,53
2010,Pavlodar,Aktobe,53
2010,West_Kaz,Pavlodar,52
2010,Zhambyl,West_Kaz,52
2010,Mangystau,Kostanay,51
2010,Shymkent_city,Abay,51
2010,Akmola,Aktobe,50
2010,Atyrau,Zhetysu,50
2010,North_Kaz,East_Kaz,50
2010,Akmola,Ulytau,49
2010,Abay,North_Kaz,48
2010,Abay,Aktobe,47
2010,Aktobe,Abay,47
2010,West_Kaz,Zhambyl,46
2010,Karaganda,Aktobe,45
2010,East_Kaz,Zhambyl,45
2010,East_Kaz,Shymkent_city,45
2010,Pavlodar,Mangystau,44
2010,Mangystau,Zhetysu,43
2010,Zhetysu,North_Kaz,42
2010,Mangystau,Akmola,42
2010,Ulytau,North_Kaz,42
2010,Shymkent_city,Kostanay,41
2010,North_Kaz,Mangystau,40
2010,East_Kaz,North_Kaz,40
2010,West_Kaz,Shymkent_city,39
2010,North_Kaz,Zhetysu,39
2010,East_Kaz,Aktobe,39
2010,Shymkent_city,East_Kaz,39
2010,Aktobe,Shymkent_city,38
2010,Atyrau,Shymkent_city,38
2010,Karaganda,Shymkent_city,38
2010,Kostanay,East_Kaz,38
2010,Mangystau,East_Kaz,38
2010,Akmola,Atyrau,37
2010,Zhetysu,Atyrau,37
2010,East_Kaz,Ulytau,37
2010,Kostanay,Atyrau,36
2010,North_Kaz,Zhambyl,36
2010,West_Kaz,Zhetysu,35
2010,Ulytau,Aktobe,35
2010,East_Kaz,Kyzylorda,35
2010,Kostanay,Abay,33
2010,Pavlodar,Kyzylorda,33
2010,Shymkent_city,Ulytau,33
2010,Abay,Ulytau,32
2010,Almaty,Ulytau,32
2010,Kyzylorda,Pavlodar,32
2010,North_Kaz,Abay,32
2010,North_Kaz,Shymkent_city,32
2010,Aktobe,East_Kaz,31
2010,Atyrau,Karaganda,31
2010,West_Kaz,Kostanay,31
2010,Abay,Shymkent_city,30
2010,Kostanay,West_Kaz,30
2010,Kyzylorda,East_Kaz,30
2010,Pavlodar,Ulytau,30
2010,Ulytau,Zhetysu,30
2010,Ulytau,Pavlodar,30
2010,Atyrau,Abay,29
2010,West_Kaz,Akmola,29
2010,Pavlodar,West_Kaz,29
2010,North_Kaz,Ulytau,29
2010,East_Kaz,Atyrau,29
2010,Zhetysu,West_Kaz,27
2010,Mangystau,Pavlodar,27
2010,Pavlodar,Atyrau,27
2010,Mangystau,Abay,26
2010,Ulytau,Zhambyl,26
2010,Aktobe,Pavlodar,25
2010,Ulytau,Abay,25
2010,Abay,West_Kaz,24
2010,Akmola,West_Kaz,24
2010,Aktobe,North_Kaz,24
2010,West_Kaz,Abay,24
2010,North_Kaz,Atyrau,24
2010,Atyrau,Akmola,23
2010,East_Kaz,West_Kaz,23
2010,Zhetysu,Ulytau,21
2010,North_Kaz,Aktobe,21
2010,Mangystau,North_Kaz,20
2010,West_Kaz,East_Kaz,19
2010,North_Kaz,West_Kaz,19
2010,Kyzylorda,North_Kaz,18
2010,North_Kaz,Kyzylorda,18
2010,Atyrau,North_Kaz,17
2010,Atyrau,East_Kaz,14
2010,Atyrau,Pavlodar,13
2010,West_Kaz,North_Kaz,13
2010,Ulytau,Atyrau,13
2010,Ulytau,Mangystau,11
2010,Atyrau,Kostanay,10
2010,Aktobe,Ulytau,6
2010,Atyrau,Ulytau,5
2010,West_Kaz,Ulytau,5
2010,Ulytau,West_Kaz,5
2010,Mangystau,Ulytau,4
